,Наименование,Город,ИНН,Благонадежный (да/нет),Маил Добро,Маил Добро ссылка,Ссылка на сайт,Нужна помощь,Нужна помощь Описание,Нужна помощь Ссылка,Нужна помощь Фонд
0,"Благотворительный фонд социальной поддержки населения ""Вместе""",Благовещенск РБ,224950320.0,да,Благотворительный фонд «Гольфстрим»,https://dobro.mail.ru/funds/bf-golfstrim/,http://www.golfstreamfond.ru/,Только вместе,Экологичная инклюзия с заботой о равном детстве,17761.0,https://nuzhnapomosh.ru/funds/tolyko-vmeste/
1,Благотворительный фонд помощи тяжело больным детям «Особенные дети»,Уфа,272902492.0,да,Благотворительный фонд «Гольфстрим»,https://dobro.mail.ru/funds/bf-golfstrim/,http://www.golfstreamfond.ru/,Только вместе,Экологичная инклюзия с заботой о равном детстве,17761.0,https://nuzhnapomosh.ru/funds/tolyko-vmeste/
2,"Автономная некоммерческая медицинская организация ""Уфимский хоспис""",Уфа,274950766.0,да,Благотворительный образовательный фонд «Мархамат»,https://dobro.mail.ru/funds/blagotvoritelnyij-obrazovatelnyij-fond-marhamat/,http://fond-marhamat.ru/,Благосфера,"Городская площадка, креативное пространство для участия в благотворительности и социальной активности",234176.0,https://nuzhnapomosh.ru/funds/blagosfera/
3,"Детский Благотворительный Фонд ""С Любовью""",Уфа,274990342.0,да,Благотворительный фонд помощи детям с синдромом Дауна «Даунсайд Ап»,https://dobro.mail.ru/funds/blagotvoritelnyij-fond-daunsajd-ap/,https://downsideup.org/ru,Благотворительный фонд имени Марины Гутерман,Адресная  и системная помощь больным детям Костромской области,67406.0,https://nuzhnapomosh.ru/funds/blagotvoritelynyy-fond-imeni-mariny-guterman/
4,"Благотворительный фонд помощи тяжелобольным детям ""Потерь нет""",Уфа,276980491.0,да,Благотворительный фонд помощи тяжелобольным детям «Потерь нет»,https://dobro.mail.ru/funds/blagotvoritelnyij-fond-pomoschi-tyazhelobolnyim-detyam-poter-net-3/,http://poter-net.ru/,Потерь нет,"Помощь детям с онкологическими заболеваниями, организация реабилитации выздоровевших детей",1752858.0,https://nuzhnapomosh.ru/funds/potery-net/
5,"Благотворительный Фонд экологического просвещения, социальной поддержки населения, развития народных ремесел и декоративно-прикладного творчества ""Твердая почва""","г. Уфа , Республика Башкортостан",277921731.0,да,Благотворительный фонд «Дети России»,https://dobro.mail.ru/funds/deti-rossii/,http://help-children.net/,Волгоградский областной благотворительный фонд защиты животных,Помощь бездомным животным Волгоградской области,552093.0,https://nuzhnapomosh.ru/funds/volgogradskiy-oblastnoy-blagotvoritelynyy-fond-zaschity-ghivotnyh/
6,"Благотворительный фонд ""Благо Дари""",Гатчина,326544905.0,да,Благотворительный фонд «Красивые дети в красивом мире»,https://dobro.mail.ru/funds/blagotvoritelnyij-fond-krasivyie-deti-v-krasivom-mire/,https://www.detipriroda.ru,Клуб «Во благо»,"Интеллектуальный клуб поддерживает врачей-онкологов, больницы, художников, галереи. ",3320.0,https://nuzhnapomosh.ru/funds/klub-vo-blago/
7,"Благотворительный фонд ""Надежда""","Москва, Махачкала, Лондон",571000615.0,да,Благотворительный фонд помощи бездомным животным «НИКА»,https://dobro.mail.ru/funds/fond-pomoschi-bezdomnyim-zhivotnyim-nika/,http://fond-nika.ru/,ЦСП «Надежда»,Помощь пожилым людям и людям с инвалидностью,764349.0,https://nuzhnapomosh.ru/funds/ano-csp-nadeghda/
8,"Благотворительный фонд содействия образовательным, культурным и социальным проектам ""Село""",Москва,573006884.0,да,Благотворительный фонд «Гольфстрим»,https://dobro.mail.ru/funds/bf-golfstrim/,http://www.golfstreamfond.ru/,,,,0
9,"Некоммерческая организация благотворительный фонд ""Мял""",Магас,608012458.0,да,Благотворительный фонд «АиФ. Доброе сердце»,https://dobro.mail.ru/funds/blagotvoritelnyij-fond-aif-dobroe-serdtse/,http://dobroe.aif.ru/,,,,0
10,"Карельская региональная общественная организация защиты животных ""Первый приют""",Петрозаводск,1001106971.0,да,Благотворительный фонд «Кислород»,https://dobro.mail.ru/funds/blagotvoritelnyij-fond-kislorod/,http://bf-kislorod.ru/,,,,0
11,"Карельская региональная общественная организация помощи лицам, страдающим психическими расстройствами, их родственников и специалистов, работающих в сфере психического здоровья ""Преодоление""",Кондопога,1003103366.0,да,Благотворительный фонд «Преодоление»,https://dobro.mail.ru/funds/blagotvoritelnyij-fond-preodolenie/,http://fond68.ru/,,,,0
12,Фонд «Друзья»,Москва,7704314253.0,да,Благотворительный фонд «Друзья»,https://dobro.mail.ru/funds/blagotvoritelnyj-fond-druzya/,Нет,,,,0
13,Добрая Марий Эл,Йошкар-Ола,1215072744.0,да,Благотворительный фонд «Твори добро»,https://dobro.mail.ru/funds/tvori-dobro/,http://www.bftd.ru/,,,,0
14,"Автономная некоммерческая организация гражданско-патриотического развития молодежи ""Подвиги""",Саранск,1326251467.0,да,,,,,,,0
15,"РОД ""Ресурсный центр социальных технологий Республики Саха (Якутия)""",Якутск,1435231598.0,да,,,,,,,0
16,"Автономная некоммерческая организация ""Центр содействия реализации социально-культурных и благотворительных проектов ""Филантроп""",Казань,1659182731.0,да,,,,,,,0
17,"АНО ""Центр организации спортивно-массовых мероприятий ""СПОРТ БУДУЩЕГО""",Казань,1660316309.0,да,,,,,,,0
18,Фонд Светланы Изамбаевой,Казань,1661023908.0,да,,,,,,,0
19,"Благотворительный фонд ""Подари ЗАВТРА!""",Ижевск,1831155301.0,да,Благотворительный фонд «Подари ЗАВТРА!»,https://dobro.mail.ru/funds/blagotvoritelnyij-fond-podari-zavtra/,http://podarizavtra.ru/,Подари ЗАВТРА!,"Помощь детям с ОВЗ из Удмуртии в оплате диагностики и лечения заболеваний, в приобретении лекарств",484980.0,https://nuzhnapomosh.ru/funds/podari-zavtra/
20,"БЛАГОТВОРИТЕЛЬНЫЙ ФОНД ""СИЛЬНЫЕ ДЕТИ""",Чебоксары,2124042134.0,нет,,,,,,,0
21,"Чувашская региональная общественная организация содействия в решении социальных проблем семьи и человека ""МИР ДОБРА""",Чебоксары,2130996604.0,да,,,,,,,0
22,"ФОНД ПОМОЩИ МНОГОДЕТНЫМ И МАЛОИМУЩИМ СЕМЬЯМ, ДЕТЯМ-СИРОТАМ, ДЕТЯМ, ОСТАВШИМСЯ БЕЗ ПОПЕЧЕНИЯ РОДИТЕЛЕЙ И ЛЮДЯМ, ПОПАВШИМ В СЛОЖНУЮ ЖИЗНЕННУЮ СИТУАЦИЮ ""ОБЛАКА""",Барнаул,2222848892.0,да,,,,,,,0
23,"БЛАГОТВОРИТЕЛЬНЫЙ ФОНД ""АУРЕЯ""",УЯР,2440006230.0,нет,,,,,,,0
24,Красноярский Региональный Фонд «Красноярье без сирот»,Красноярск,2465117252.0,да,,,,,,,0
25,"Автономная некоммерческая организация ""Центр социально-психологической реабилитации онкологических больных и лиц групп риска ""ВМЕСТЕ ПРОТИВ РАКА""",Красноярск,2465117767.0,да,,,,,,,0
26,"Детский благотворительный фонд ""Счастливые дети""",Красноярск,2465310993.0,да,Детский благотворительный фонд «Счастливые дети»,https://dobro.mail.ru/funds/detskij-blagotvoritelnyij-fond-schastlivyie-deti-2/,https://happydeti24.ru/,Счастливые дети,"Детский благотворительный фонд ""Счастливые дети"" оказывает помощь детям-сиротам",4830757.0,https://nuzhnapomosh.ru/funds/schastlivye-deti/
27,"Благотворительный фонд помощи детям ""Ренессанс""",Владивосток,2543155339.0,да,,,,,,,0
28,"Хабаровская краевая общественная организация замещающих семей ""Чужих детей не бывает""",Хабаровск,2721980663.0,да,Воронежская областная благотворительная общественная организация «Общие дети»,https://dobro.mail.ru/funds/voronezhskaya-oblastnaya-blagotvoritelnaya-obschestvennaya-organizatsiya-obschie-deti/,http://www.helpdeti.ru/,Чужих детей не бывает,"Профилактика сиротства, помощь семьям в трудных жизненных ситуациях",1495717.0,https://nuzhnapomosh.ru/funds/chughih-detey-ne-byvaet/
29,"Некоммерческий благотворительный фонд помощи нуждающимся ""Взамен""",Архангельск,2901256749.0,да,,,,,,,0
30,"Автономная некоммерческая организация Центр социальной помощи ""Смысл есть""","Мирный, Архангельская область",2925006674.0,да,,,,,,,0
31,"Благотворительный фонд ""Стрелиция""",Юрьев-Польский,3314010256.0,да,,,,,,,0
32,"Автономная некоммерческая организация популяризации благотворительных проектов ""ЗаСпасибо""",Владимир,3327145779.0,да,,,,,,,0
33,"БФ ""Близкие люди""",Владимир,3328019897.0,да,,,,,,,0
34,Благотворительный фонд Елены Исинбаевой,Волгоград,3444409898.0,да,,,,,,,0
35,"Благотворительный фонд развития социально значимых инициатив ""Доброта на Волге""",Волгоград,3461061900.0,да,,,,,,,0
36,Благотворительный Фонд «Хорошие люди»,Вологда,3525285922.0,да,Благотворительный фонд «Хорошие люди»,https://dobro.mail.ru/funds/blagotvoritelnyij-fond-horoshie-lyudi/,http://fond.region35.ru,,,,0
37,"Благотворительный фонд помощи детям ""Благо""",Воронеж,3662121002.0,да,Благотворительный фонд «Твори добро»,https://dobro.mail.ru/funds/tvori-dobro/,http://www.bftd.ru/,Клуб «Во благо»,"Интеллектуальный клуб поддерживает врачей-онкологов, больницы, художников, галереи. ",3320.0,https://nuzhnapomosh.ru/funds/klub-vo-blago/
38,"Иркутский областной общественный благотворительный фонд ""Семья Прибайкалья""",Иркутск,3808187926.0,да,,,,,,,0
39,"Ассоциация ""Защитим Байкал вместе""",Иркутск,3810052860.0,да,,,,,,,0
40,"Иркутская Региональная Экологическая Общественная Организация ""Мой Байкал""",Иркутск,3827050910.0,да,,,,Мой Байкал,Сохранение озера Байкал,1150860.0,https://nuzhnapomosh.ru/funds/moy-baykal/
41,"Фонд поддержки людей с ограниченными возможностями ""Лабиринт 42""",Кемерово,4205357785.0,да,,,,,,,0
42,"Благотворительный фонд социальной поддержки и защиты детей, граждан и организаций в области медицины, образования, здорового образа жизни, а также попавших в трудную жизненную ситуацию «Счастье детям»",Кемерово,4205997009.0,да,,,,,,,0
43,"Костромской областной благотворительный фонд помощи детям и взрослым с особенностями развития (преимущественно с аутизмом) ""Открыть Мир""",Кострома,4401061865.0,да,Волонтерская программа «Старшие Братья Старшие Сестры»,https://dobro.mail.ru/funds/starshie-bratya-starshie-sestryi/,http://www.nastavniki.org/,,,,0
44,"Благотворительный Фонд ""География Добра""",Кострома,4401165180.0,да,Благотворительный фонд «География Добра»,https://dobro.mail.ru/funds/fond-geografiya-dobra/,https://geografiyadobra.ru/,География Добра,"Помощь детям/взрослым с тяжелыми заболеваниями, бездомным, храмам/приютам и животным",391752.0,https://nuzhnapomosh.ru/funds/blagotvoritelynyy-fond-geografiya-dobra/
45,Автономная некоммерческая организация ««Центр систематизации материальных и духовных знаний «Наше Поветлужье»,Шарья Костромская область,4407999087.0,да,,,,,,,0
46,"Благотворительный Фонд ""Искорка надежды""",Курск,4632132633.0,да,Благотворительный Фонд «Искорка Надежды»,https://dobro.mail.ru/funds/blagotvoritelnyij-fond-iskorka-nadezhdyi/,https://iskorkafond.ru/,,,,0
47,"ФОНД ПОМОЩИ ДЕТЯМ И ЛЮДЯМ, ПОПАВШИМ В ТЯЖЕЛУЮ ЖИЗНЕННУЮ СИТУАЦИЮ ""ДОБРЫЙ ВЕТЕРОК""",Дмитров,5007109775.0,нет,,,,,,,0
48,Благотворительный фонд «Гольфстрим»,Москва,5017998033.0,да,Благотворительный фонд «Гольфстрим»,https://dobro.mail.ru/funds/bf-golfstrim/,http://www.golfstreamfond.ru/,,,,0
49,"Межрегиональная благотворительная общественная организация ""Кожные и аллергические болезни""",Москва,5018998283.0,да,,,,,,,0
50,Межрегиональная общественная организация содействия помощи пациентам с нейрофиброматозом «22/17»,Москва,5029254800.0,да,,,,,,,0
51,"Благотворительный Фонд помощи животным ""Сень Сотен Крыльев""",Павловский Посад,5035038565.0,да,,,,,,,0
52,"Благотворительный фонд помощи животным ""Хвостатый рай""",Протвино,5043998456.0,да,,,,,,,0
53,"Детский реабилитационный центр ""Вдохновение""",Руза,5075012718.0,да,,,,,,,0
54,"Автономная некоммерческая организация ""Центр Проектного Развития""",Городец,5248042887.0,да,,,,,,,0
55,"Нижегородская региональная общественная организация содействия социальному развитию ""Служение-НЭКСТ""",Нижний Новгород,5258048599.0,да,,,,,,,0
56,"Автономная некоммерческая организация центр социальной помощи престарелым и инвалидам ""Дом Милосердия""",Новосибирск,5410071452.0,да,,,,Дом милосердия,"Помощь и приют одиноким, малоимущим и лишившимся дома пенсионерам и инвалидам",890292.0,https://nuzhnapomosh.ru/funds/dom-miloserdiya/
57,"Благотворительный фонд ""Сохраняя жизнь""",Оренбург,5610151810.0,да,Благотворительный фонд «Сохраняя жизнь»,https://dobro.mail.ru/funds/blagotvoritelnyij-fond-sohranyaya-zhizn/,http://сохраняяжизнь.рф/,Сохраняя жизнь,"Помощь детям, пережившим насилие, волонтерство в детских домах",8513994.0,https://nuzhnapomosh.ru/funds/sohranyaya-ghizny/
58,"Автономная некоммерческая организация ""Диаконический Центр ""Прикосновение""",Оренбург,5612162920.0,да,Автономная некоммерческая организация «Диаконический Центр «Прикосновение»,https://dobro.mail.ru/funds/avtonomnaya-nekommercheskaya-organizatsiya-diakonicheskij-tsentr-prikosnovenie/,https://osobye-deti.ru/,Диаконический Центр «Прикосновение»,Помощь детям и взрослым с ментальными нарушениями,389499.0,https://nuzhnapomosh.ru/funds/prikosnovenie/
59,"АНО ""Платформа образовательных проектов""",Пермь,5902051740.0,да,,,,Платформа образовательных проектов,Проекты для увлекательного и эффективного образования,114315.0,https://nuzhnapomosh.ru/funds/platforma-obrazovatelynyh-proektov/
60,"Межрегиональная общественная организация ""Общество развития продуктивных инициатив"", тематическое отделение ""Территория передышки""",Пермь,5904075778.0,да,,,,,,,0
61,"Пермская региональная общественная организация ""Солнечный круг""",Пермь,5904206484.0,да,,,,,,,0
62,"Псковская региональная общественная благотворительная организация ""Росток""",Порхов Псковской области,6017009789.0,да,,,,,,,0
63,"Автономная некоммерческая зоозащитная организация ""Шанс""",Псков,6027999310.0,да,Благотворительный фонд «Волонтеры-детям»,https://dobro.mail.ru/funds/blagotvoritelnyij-fond-volonteryi-detyam/,http://kaluga-detyam.ru/,,,,0
64,"Благотворительный фонд помощи детям ""Доброе дело""",Ростов-на-Дону,6161052138.0,да,,,,,,,0
65,"Благотворительный фонд ""Я без мамы""",Ростов-на-Дону,6165139870.0,да,,,,,,,0
66,"Ростовская региональная общественная организация инвалидов ""Центр лечебной педагогики и социальной терапии ""СВеЧа""",Ростов-на-Дону,6168047578.0,да,,,,,,,0
67,"Региональная общественная организация волонтёров Самарской области ""Домик детства""",Самара,6311997036.0,да,РООВСО «Домик детства»,https://dobro.mail.ru/funds/roovso-domik-detstva/,http://www.domikdetstva.ru/,Домик детства,"Помощь детям-сиротам, детям-инвалидам, воспитанникам детских домов",6414841.0,https://nuzhnapomosh.ru/funds/domik-detstva/
68,"Благотворительный фонд ""Радость жизни""",Южно-Сахалинск,6501235371.0,да,,,,,,,0
69,Свердловская региональная общественная организация «Уральская палата защиты потребителей»,Екатеринбург,6606999222.0,да,,,,,,,0
70,"Благотворительный детский фонд ""Мы вместе""",Екатеринбург,6670210124.0,да,,,,,,,0
71,"Благотворительный детский фонд ""Мы вместе""",Екатеринбург,6670210124.0,да,,,,,,,0
72,"Благотворительный фонд ""Надежная смена""",Москва,6671220365.0,да,,,,,,,0
73,"Ассоциация лидеров бизнеса и образования ""Клуб ""Корифей""",Екатеринбург,6672150294.0,да,Благотворительный образовательный фонд «Мархамат»,https://dobro.mail.ru/funds/blagotvoritelnyij-obrazovatelnyij-fond-marhamat/,http://fond-marhamat.ru/,Клуб добряков,помощь тяжелобольным детям и взрослым,217776.0,https://nuzhnapomosh.ru/funds/klub-dobryakov/
74,"БЛАГОТВОРИТЕЛЬНЫЙ ФОНД ЭКОЛОГИЧЕСКИХ ПРОЕКТОВ И ПОМОЩИ НАСЕЛЕНИЮ ""СБЕРЕГИ ЖИЗНЬ""",ЕКАТЕРИНБУРГ,6679128315.0,нет,,,,,,,0
75,"АВТОНОМНАЯ НЕКОММЕРЧЕСКАЯ ОРГАНИЗАЦИЯ СОДЕЙСТВИЯ РАЗВИТИЮ ГРАЖДАНСКИХ ИНИЦИАТИВ И КРЕАТИВНЫХ ИНДУСТРИЙ ""ГОРОДСКИЕ ИНИЦИАТИВЫ""",Екатеринбург,6679129502.0,да,,,,,,,0
76,"Благотворительный Фонд ""ПРЕОДОЛЕНИЕ""",Тамбов,6829911486.0,да,Благотворительный фонд «Преодоление»,https://dobro.mail.ru/funds/blagotvoritelnyij-fond-preodolenie/,http://fond68.ru/,,,,0
77,"Благотворительный фонд ""ДОБРЫЙ МИР""",Тверь,6950025607.0,да,,,,,,,0
78,"Благотворительный фонд ""Семь профессий""",Москва,6950245289.0,да,,,,,,,0
79,"Автономная некоммерческая организация социальной помощи нуждающимся ""Другая медицина""",Челябинск,7451442759.0,да,,,,Другая медицина,Медико-профилактическая помощь бездомным и нуждающимся людям,11540.0,https://nuzhnapomosh.ru/funds/drugaya-medicina/
80,"Благотворительный фонд ""Поможем Таланту"" имени Ильи Севостьянова",Челябинск,7452128697.0,да,,,,,,,0
81,"Челябинское региональное благотворительное общественное движение помощи онкобольным детям ""Искорка Фонд""",Челябинск,7453076191.0,да,Челябинское региональное благотворительное движение помощи онкобольным детям «Искорка Фонд»,https://dobro.mail.ru/funds/chelyabinskoe-regionalnoe-blagotvoritelnoe-dvizhenie-iskorka-fond/,https://onco74.ru/,,,,0
82,"БЛАГОТВОРИТЕЛЬНЫЙ ФОНД ""ДОБРОЕ СЕРДЦЕ. ПРОЯВИ ДОБРОТУ СВОЕГО СЕРДЦА""",Магнитогорск,7455025756.0,нет,,,,,,,0
83,Частное учреждение Благотворительного фонда Металлург Центр социального обслуживания населения,Магнитогорск,7455029084.0,да,,,,,,,0
84,"Автономная Некоммерческая Организация помощи животным ""Маленькая жизнь""",Магнитогорск,7456990396.0,да,,,,Маленькая жизнь,Защита животных и охрана окружающей среды,1345753.0,https://nuzhnapomosh.ru/funds/malenykaya-ghizny/
85,"Благотворительный фонд помощи семье и детям, находящихся в трудной жизненной ситуации ""Семья плюс""",Челябинск,7460030705.0,да,,,,Семья плюс,Открытое пространство для реализации социально значимых проектов,31766.0,https://nuzhnapomosh.ru/funds/semyya-plyus/
86,"Благотворительный фонд ""Мы Рядом!""",Челябинск,7460990208.0,да,Благотворительный фонд «Мы Рядом!»,https://dobro.mail.ru/funds/myi-ryadom/,http://miryadom.ru/,Мы Рядом!,Помощь детям с онкогематологическими диагнозами и буллезным эпидермолизом,695995.0,https://nuzhnapomosh.ru/funds/my-ryadom/
87,Фонд развития Политехнического музея,Москва,7701012102.0,да,Фонд развития Политехнического музея,https://dobro.mail.ru/funds/fond-razvitiya-politehnicheskogo-muzeya/,https://pmfound.org/,,,,0
88,"Благотворительный фонд Оксаны Федоровой ""Спешите делать добро!""",Москва,7701056639.0,да,,,,,,,0
89,"ФОНД СОДЕЙСТВИЯ ПОВЫШЕНИЮ ОБРАЗОВАТЕЛЬНОГО И КУЛЬТУРНОГО УРОВНЯ ЖЕНЩИН, МОЛОДЕЖИ И ДЕТЕЙ ""ВОЛГА""",Москва,7701058925.0,да,,,,,,,0
90,"Благотворительный фонд ""Арифметика добра""",Москва,7701093849.0,да,Благотворительный фонд «Арифметика добра»,https://dobro.mail.ru/funds/arifmetika-dobra-2/,https://a-dobra.ru/,Арифметика добра,"Помощь детям-сиротам: устройство в семьи, образование, социализация и адаптация",5775479.0,https://nuzhnapomosh.ru/funds/arifmetika-dobra/
91,"Благотворительный фонд ""Тепло сердец""",Москва,7701359136.0,да,,,,,,,0
92,"Благотворительный фонд ""АиФ. Доброе сердце""",Москва,7701619391.0,да,Благотворительный фонд «АиФ. Доброе сердце»,https://dobro.mail.ru/funds/blagotvoritelnyij-fond-aif-dobroe-serdtse/,http://dobroe.aif.ru/,АиФ. Доброе сердце,"помощь тяжелобольным детям, инвалидам, одиноким и престарелым людям, подопечным детских домов",1506914.0,https://nuzhnapomosh.ru/funds/aif-dobroe-serdce/
93,"Фонд поддержки социальных программ и инициатив ""Лавка радостей""",Москва,7702428375.0,да,,,,Лавка радостей,"Разносторонняя помощь людям, попавшим в трудную жизненную ситуацию",637821.0,https://nuzhnapomosh.ru/funds/lavka-radostey/
94,"Благотворительный фонд ""Национальный Фонд Поддержки Здоровья Женщин""",Москва,7702470070.0,да,,,,,,,0
95,"Благотворительный фонд защиты животных ""Вирта""",Москва,7702470137.0,да,,,,Вирта,Развитие ответственного отношения к животным в России,25070.0,https://nuzhnapomosh.ru/funds/virta/
96,Общественная организация защиты животных РусДог,Москва,7703418370.0,да,,,,,,,0
97,"Фонд поддержки лиц с нарушением развития и интеллекта ""Лучшие друзья""",Москва,7704277026.0,да,Фонд «Лучшие друзья»,https://dobro.mail.ru/funds/fond-luchshie-druzya/,http://www.bestbuddies.ru/,Лучшие друзья,Включение людей с нарушением развития и интеллекта во все сферы жизни общества ,689053.0,https://nuzhnapomosh.ru/funds/luchshie-druzyya/
98,Благотворительный фонд помощи воспитанникам и выпускникам детских домов «Константа»,Тверь,7704278510.0,да,Благотворительный фонд помощи воспитанникам и выпускникам детских домов «Константа»,https://dobro.mail.ru/funds/blagotvoritelnyij-fond-pomoschi-vospitannikam-i-vyipusknikam-detskih-domov-konstanta-2/,http://constanta-fund.ru/,,,,0
99,Московская Школа Профессиональной Филантропии,Москва,7704314253.0,да,,,,,,,0
100,"Некоммерческая организация ""Благотворительный фонд ""Даунсайд Ап""",Москва,7705159882.0,да,Благотворительный фонд «Нужна помощь»,https://dobro.mail.ru/funds/nuzhna-pomosch/,https://nuzhnapomosh.ru,Волгоградский областной благотворительный фонд защиты животных,Помощь бездомным животным Волгоградской области,552093.0,https://nuzhnapomosh.ru/funds/volgogradskiy-oblastnoy-blagotvoritelynyy-fond-zaschity-ghivotnyh/
101,"Благотворительный фонд ""Созидание""",Москва,7705401519.0,да,Благотворительный фонд «АК БАРС СОЗИДАНИЕ»,https://dobro.mail.ru/funds/blagotvoritelnyj-fond-ak-bars-sozidanie/,http://www.akbarssozidanie.ru/index.php,Созидание,Помощь детям с редкими заболеваниями,7373492.0,https://nuzhnapomosh.ru/funds/sozidanie/
102,"Благотворительный фонд ""Волонтеры в помощь детям-сиротам""",Москва,7706412841.0,да,Ассоциация «Все вместе»,https://dobro.mail.ru/funds/np-vse-vmeste/,http://wse-wmeste.ru/,Волонтеры в помощь детям-сиротам,Решение проблем социального сиротства в России,9253022.0,https://nuzhnapomosh.ru/funds/volontery-v-pomoschy-detyam-sirotam/
103,БФ Предание,Москва,7706413901.0,да,,,,,,,0
104,Старшие Братья Старшие Сестры,Москва,7707326144.0,да,Волонтерская программа «Старшие Братья Старшие Сестры»,https://dobro.mail.ru/funds/starshie-bratya-starshie-sestryi/,http://www.nastavniki.org/,Старшие Братья Старшие Сестры (Санкт-Петербург),"Индивидуальное наставничество для детей, нуждающихся в поддержке",544835.0,https://nuzhnapomosh.ru/funds/starshie-bratyya-starshie-sestry-(sankt-peterburg)/
105,"БЛАГОТВОРИТЕЛЬНЫЙ ФОНД ПОДДЕРЖКИ НУЖДАЮЩИХСЯ ""7 ЖИЗНЕЙ""",Москва,7707332099.0,нет,,,,,,,0
106,"Благотворительный фонд ""Семейная в помощь""",Москва,7707438948.0,да,,,,,,,0
107,"Благотворительный фонд ""Дети Марии""",Москва,7707440295.0,да,,,,Дети Марии,"Помощь детям-сиротам, выпускникам интернатов, детям и взрослым с особенностями развития",542498.0,https://nuzhnapomosh.ru/funds/deti-marii/
108,"Благотворительный фонд ""Фонд продовольствия ""Русь""",Москва,7708240852.0,да,Фонд продовольствия «Русь»,https://dobro.mail.ru/funds/blagotvoritelnyj-fond-bank-prodovolstviya-rus/,http://foodbankrus.ru/,"Фонд продовольствия ""Русь""",Продовольственная помощь нуждающимся,3146146.0,https://nuzhnapomosh.ru/funds/fond-prodovolystviya-rusy/
109,"Благотворительный фонд в поддержку материнства ""Быть мамой""",Москва,7708279948.0,да,,,,,,,0
110,"Благотворительный фонд ""Центр содействия еврейской жизни молодежи ""ГИЛЕЛЬ""",Москва,7708525449.0,да,,,,,,,0
111,"Региональная общественная организация инвалидов ""Перспектива""",,7709215200.0,да,Фонд «Лучшие друзья»,https://dobro.mail.ru/funds/fond-luchshie-druzya/,http://www.bestbuddies.ru/,Перспектива,Включение людей с инвалидностью во все сферы жизни общества,648010.0,https://nuzhnapomosh.ru/funds/perspektiva/
112,"Региональный общественный благотворительный фонд содействия культурному и спортивному развитию детей и молодежи ""Дети Мира""",Москва,7709254872.0,да,,,,,,,0
113,"Благотворительный фонд ""Иллюстрированные книжки для маленьких слепых детей""",Москва,7710018647.0,да,,,,,,,0
114,"Благотворительный фонд ""Дети Наши""",Москва,7710475499.0,да,Ассоциация «Все вместе»,https://dobro.mail.ru/funds/np-vse-vmeste/,http://wse-wmeste.ru/,Дети наши,"Профилактика социального сиротства, содействие интеграции в общество детей-сирот",5108545.0,https://nuzhnapomosh.ru/funds/deti-nashi/
115,"БЛАГОТВОРИТЕЛЬНЫЙ ФОНД ""ФОНД ПОДДЕРЖКИ СЛЕПОГЛУХИХ ""СО-ЕДИНЕНИЕ""",Москва,7710481372.0,да,Благотворительный фонд «Фонд поддержки слепоглухих «Со-единение»,https://dobro.mail.ru/funds/blagotvoritelnyj-fond-fond-podderzhki-slepogluhih-so-edinenie/,http://so-edinenie.org/,Фонд поддержки слепоглухих «Со-единение»,Помогаем детям и взрослым с одновременным нарушением слуха и зрения,1682050.0,https://nuzhnapomosh.ru/funds/fond-podderghki-slepogluhih-so-edinenie/
116,"Благотворительный фонд ""Адели""",Москва,7713387297.0,да,,,,,,,0
117,"Благотворительный фонд развития паллиативной помощи ""Детский паллиатив""",Москва,7713429927.0,да,БФ «Детский паллиатив»,https://dobro.mail.ru/funds/bf-detskij-palliativ/,http://rcpcf.ru/,Детский паллиатив,Паллиативная помощь для детей и поддержка их семей,4065058.0,https://nuzhnapomosh.ru/funds/detskiy-palliativ/
118,"Благотворительный фонд социальной помощи детям ""Расправь крылья!""",Москва,7714320305.0,да,,,,,,,0
119,"Благотворительный фонд поддержки семьи, материнства и детства ""Женщины за жизнь""",Москва,7714392719.0,да,,,,,,,0
120,"Благотворительный фонд ""Творческое объединение ""Круг""",Москва,7714403103.0,да,Творческое объединение «Круг»,https://dobro.mail.ru/funds/tvorcheskoe-obedinenie-krug/,http://www.tokrug.ru/ru/,Творческое объединение «Круг»,Социо-культурная реабилитация и профессиональная адаптация людей с ОВЗ,1604654.0,https://nuzhnapomosh.ru/funds/tvorcheskoe-obyedinenie-krug/
121,"Благотворительный фонд помощи тяжелобольным детям ""Живи""",Москва,7717163361.0,да,Благотворительный фонд «Живи сейчас»,https://dobro.mail.ru/funds/bf-zhivi-sejchas/,https://alsfund.ru,"Живи, малыш","Фонд «Живи, малыш» оказывает всестороннюю помощь детям с ДЦП",59830.0,https://nuzhnapomosh.ru/funds/ghivi-malysh/
122,"ФОНД ПОМОЩИ ДЕТЯМ, СТРАДАЮЩИМ ТЯЖЕЛЫМИ ЗАБОЛЕВАНИЯМИ И ИХ СЕМЬЯМ, ДЕТЯМ СИРОТАМ, ДЕТЯМ, ОСТАВШИМСЯ БЕЗ ПОПЕЧЕНИЯ РОДИТЕЛЕЙ, А ТАКЖЕ ГРАЖДАНАМ, НАХОДЯЩИМСЯ В ТРУДНОЙ ЖИЗНЕННОЙ СИТУАЦИИ ""ВРЕМЯ""",Москва,7717287575.0,нет,Движение «Друзья на улице»,https://dobro.mail.ru/funds/avtonomnaya-nekommercheskaya-organizaciya-centr-socialnyh-i-kulturno-prosvetitelskih-uslug-druzya-ob/,Нет,,,,0
123,"Благотворительный фонд помощи недоношенным детям ""Право на чудо""",Москва,7718145439.0,да,Благотворительный фонд помощи семьям с недоношенными детьми «Право на чудо»,https://dobro.mail.ru/funds/pravo-na-chudo/,https://pravonachudo.ru,Право на чудо,"Помощь семьям, столкнувшимся с проблемами недоношенности детей",2072942.0,https://nuzhnapomosh.ru/funds/pravo-na-chudo/
124,"Межрегиональная общественная организация инвалидов ""Пилигрим""",Москва,7718220340.0,да,,,,,,,0
125,"Благотворительный фонд помощи детям-сиротам ""Здесь и сейчас""",Москва,7718552191.0,да,Межрегиональная общественная благотворительная организация «Ты ему нужен»,https://dobro.mail.ru/funds/mboo-tyi-emu-nuzhen/,Нет,Здесь и сейчас,Помощь приёмным семьям с особыми детьми,3294804.0,https://nuzhnapomosh.ru/funds/zdesy-i-seychas/
126,"Благотворительный фонд ""В твоих руках""",Москва,7718748155.0,да,Благотворительный фонд «В твоих руках»,https://dobro.mail.ru/funds/blagotvoritelnyj-fond-v-tvoih-rukah/,http://www.ehands.ru/,В твоих руках,Подготовка подростков из детских домов к трудоустройству и самостоятельной жизни,1823863.0,https://nuzhnapomosh.ru/funds/v-tvoih-rukah/
127,"Негосударственное образовательное частное учреждение ""Учебно-методический центр Всероссийского общества глухих""",Москва,7719093825.0,да,,,,,,,0
128,Благотворительный фонд помощи людям с Боковым Амиотрофическим Склерозом и другими нейромышечными заболеваниями «Живи сейчас»,Москва,7719417621.0,да,,,,,,,0
129,"Благотворительный фонд ""Возьми счастье в дом""",Москва,7720642607.0,да,,,,,,,0
130,"Благотворительный фонд ""Разные дети""",Москва,7721490178.0,да,,,,,,,0
131,"Благотворительный фонд ""Развитие творческих инициатив""",москва,7721509534.0,да,,,,,,,0
132,"РЕГИОНАЛЬНОЕ ОТДЕЛЕНИЕ МЕЖРЕГИОНАЛЬНОЙ ОБЩЕСТВЕННОЙ ОРГАНИЗАЦИИ В ПОДДЕРЖКУ ЛЮДЕЙ С МЕНТАЛЬНОЙ ИНВАЛИДНОСТЬЮ И ПСИХОФИЗИЧЕСКИМИ НАРУШЕНИЯМИ ""РАВНЫЕ ВОЗМОЖНОСТИ""",Москва,7724302016.0,да,"Благотворительный фонд ""Синдром любви""",https://dobro.mail.ru/funds/sindrom-lyubvi/,http://www.sindromlubvi.ru/,,,,0
133,"Региональная общественная организация помощи детям с расстройствами аутистического спектра ""Контакт""",Москва,7728401787.0,да,Межрегиональный благотворительный общественный фонд «Право Матери»,https://dobro.mail.ru/funds/mezhregionalnyj-blagotvoritelnyj-obshestvennyj-fond-pravo-matery/,https://mright.hro.org,Контакт,"Поддержка семей, воспитывающих детей с аутизмом",670013.0,https://nuzhnapomosh.ru/funds/kontakt/
134,"Автономная некоммерческая организация дополнительного профессионального образования ""Институт развития семейного устройства""",Москва,7729451364.0,да,Институт развития семейного устройства,https://dobro.mail.ru/funds/avtonomnaya-nekommercheskaya-organizatsiya-dopolnitelnogo-professionalnogo-obrazovaniya-institut-raz/,https://irsu.info/,Институт развития семейного устройства,Помощь семьям с приемными детьми,27912.0,https://nuzhnapomosh.ru/funds/institut-razvitiya-semeynogo-ustroystva/
135,"Благотворительный фонд помощи взрослым ""Живой""",Москва,7730184057.0,да,Ассоциация «Все вместе»,https://dobro.mail.ru/funds/np-vse-vmeste/,http://wse-wmeste.ru/,Живой,Помощь в получении лечения и лекарств для тяжелобольных взрослых россиян,28796631.0,https://nuzhnapomosh.ru/funds/ghivoy/
136,"Благотворительный фонд помощи бездомным животным ""НИКА""",Москва,7735129412.0,да,Благотворительный фонд «Жизнь»,https://dobro.mail.ru/funds/blagotvoritelnyij-fond-zhizn/,http://www.deti-life.ru/,НИКА,"Помощь бездомным животным, их устройство в семьи",4660904.0,https://nuzhnapomosh.ru/funds/nika/
137,"Автономная некоммерческая организация ""Свято-Софийский социальный дом""",Москва,7736500728.0,да,,,,,,,0
138,Благотворительный фонд социальной и информационной поддержки для детей после кохлеарной имплантации и с нарушением слуха «Мелодия жизни»,Москва,7743059279.0,да,,,,,,,0
139,"Благотворительный фонд ""ПРАВМИР""",Москва,7743069277.0,да,Благотворительный фонд «Правмир»,https://dobro.mail.ru/funds/blagotvoritelnyij-fond-pravoslavie-i-mir/,http://fond.pravmir.ru/,Правмир,"Помощь людям, оказавшимся в трудной жизненной ситуации",544503.0,https://nuzhnapomosh.ru/funds/pravoslavie-i-mir/
140,"Благотворительный фонд ""БлагоДА""",москва,7743158216.0,да,Свято-Димитриевское сестричество,https://dobro.mail.ru/funds/bf-miloserdie/,https://miloserdie.help/programma-sidelki/,БлагоДаря,"Сервис, который помогает помогать",9508.0,https://nuzhnapomosh.ru/funds/blagodarya/
141,"Благотворительный фонд ""Новая жизнь""",Москва,7743571511.0,да,,,,"Новая жизнь, приют",Сельскохозяйственный приют для бездомных людей,494557.0,https://nuzhnapomosh.ru/funds/new-life/
142,"Благотворительный фонд поддержки людей с тяжелыми нарушениями развития ""Близкие Другие""",Санкт-Петербург,7801304740.0,да,,,,Близкие Другие,Помощь детям и взрослым с тяжелыми множественными нарушениями развития,406513.0,https://nuzhnapomosh.ru/funds/blizkie-drugie/
143,Автономная некоммерческая организация помощи детям с тяжелыми заболеваниями «Ленздравклоун»,Санкт-Петербург,7802290811.0,да,,,,,,,0
144,"Автономная некоммерческая организация ""Военно-патриотический центр ""Вымпел-Спб""",Санкт-Петербург,7802656914.0,да,,,,,,,0
145,"Автономная некоммерческая организация оказания помощи людям с ментальными особенностями ""Аутсайдервиль""",Санкт-Петербург,7802680441.0,да,,,,,,,0
146,"АВТОНОМНАЯ НЕКОММЕРЧЕСКАЯ ОРГАНИЗАЦИЯ ПО ОКАЗАНИЮ УСЛУГ В ОБЛАСТИ РЕАБИЛИТАЦИИ ДЕТЕЙ С НАРУШЕНИЯМИ СЛУХА ""Я ТЕБЯ СЛЫШУ""",Санкт-Петербург,7810357210.0,да,,,,,,,0
147,"Благотворительный фонд ""Твоя территория""",Санкт-Петербург,7810437426.0,да,Благотворительный фонд «Твоя территория»,https://dobro.mail.ru/funds/blagotvoritelnyij-fond-tvoya-territoriya/,Нет,Твоя территория,Кризисная психологическая помощь и защита несовершеннолетних граждан,5346185.0,https://nuzhnapomosh.ru/funds/tvoya-territoriya/
148,"Благотворительный фонд помощи нуждающимся детям ""Вера и надежда""",Санкт-Петербург,7810437539.0,да,,,,Вера и надежда,"Социальная адаптация детей в трудной жизненной ситуации, помощь инвалидам в ПНИ ",310491.0,https://nuzhnapomosh.ru/funds/vera-i-nadeghda/
149,"Благотворительный фонд ""Теплый дом""",Санкт-Петербург,7811340000.0,да,Благотворительный фонд помощи бездомным животным «НИКА»,https://dobro.mail.ru/funds/fond-pomoschi-bezdomnyim-zhivotnyim-nika/,http://fond-nika.ru/,Теплый дом,Помощь семьям с детьми в сложных жизненных ситуациях,2956175.0,https://nuzhnapomosh.ru/funds/teplyy-dom/
150,"Автономная некоммерческая организация ""Кукольный театр ""Виноград""",Санкт-Петербург,7811608561.0,да,,,,,,,0
151,"Благотворительный Фонд ""Детский хоспис""",Санкт-Петербург,7813184766.0,да,Благотворительный центр «Верю в чудо»,https://dobro.mail.ru/funds/blagotvoritelnyij-tsentr-veryu-v-chudo/,https://deti39.com,,,,0
152,"Религиозная организация ""Католический благотворительный центр ""Каритас Санкт-Петербург""",Санкт-Петербург,7814020231.0,да,,,,,,,0
153,"Автономная некоммерческая организация ""Центр развития инновационных социальных услуг ""Партнерство каждому ребенку""",Санкт-Петербург,7814160133.0,да,,,,,,,0
154,"Благотворительный фонд ""Все все вместе""",Санкт-Петербург,7816702751.0,да,,,,,,,0
155,Благотворительная организация Апельсин,Санкт-Петербург,7838028078.0,да,,,,,,,0
156,"СПБОО ""ЕАСП""",Санкт-Петербург,7838028409.0,да,,,,,,,0
157,"Благотворительный фонд ""Апрель""",Санкт-Петербург,7839017230.0,да,Благотворительный фонд «Апрель»,https://dobro.mail.ru/funds/blagotvoritelnyij-fond-aprel/,http://www.april-deti.ru,Апрель,Помощь детям с трудным жизненным стартом,121050.0,https://nuzhnapomosh.ru/funds/aprely/
158,Санкт-Петербургский Благотворительный фонд помощи детям с онкозаболиваниями «Свет»,Санкт-Петербург,7839017664.0,да,,,,,,,0
159,Фонд развития образования МиКЭБИ,Санкт-Петербург,7839094468.0,да,,,,,,,0
160,"Межрегиональная общественная организация социальной помощи детям ""Наши дети""",Санкт-Петербург,7841017157.0,да,Благотворительный фонд «Красивые дети в красивом мире»,https://dobro.mail.ru/funds/blagotvoritelnyij-fond-krasivyie-deti-v-krasivom-mire/,https://www.detipriroda.ru,"Семейный центр социальной абилитации ""Наши дети""",Помощь семьям в абилитации и адаптации детей с инвалидностью,857878.0,https://nuzhnapomosh.ru/funds/nashi-deti/
161,"Автономная некоммерческая организация социальной адаптации пожилых ""Серебряный возраст""",Санкт-Петербург,7842015113.0,да,,,,,,,0
162,"АВТОНОМНАЯ НЕКОММЕРЧЕСКАЯ ОРГАНИЗАЦИЯ ""ЦЕНТР СОЦИАЛЬНОЙ ПОДДЕРЖКИ ЛИЦАМ, ОКАЗАВШИХСЯ В ТРУДНОЙ ЖИЗНЕННОЙ СИТУАЦИИ ""ОБИТЕЛЬ""",Салехард,8901036487.0,да,,,,,,,0
163,"Региональная Общественная Организация ""Центр стратегического развития и проектной деятельности ""Устойчивый Крым""",Симферополь,9105014462.0,да,,,,,,,0
164,"Благотворительный фонд защиты и поддержки детей и материнства ""Шаг в жизнь""",Москва,9701095889.0,да,,,,Шаг в жизнь,Создание сказочных детских парков в регионах России.Поддержка детского хоккея.,86227.0,https://nuzhnapomosh.ru/funds/shag-v-ghizny/
165,Фонд «Дом с маяком»,Москва,9701106080.0,да,Благотворительный фонд «Дом с маяком»,https://dobro.mail.ru/funds/dom-s-mayakom/,https://mayak.help/,,,,0
166,"БЛАГОТВОРИТЕЛЬНЫЙ ФОНД ПОМОЩИ ДЕТЯМ, ОСТАВШИМСЯ БЕЗ ПОПЕЧЕНИЯ РОДИТЕЛЕЙ В ОБЛАСТНЫХ И СЕЛЬСКИХ ДОМАХ РЕБЕНКА ""ДОРОГА ЖИЗНИ""",Москва,9705081012.0,да,,,,Дорога жизни,Медицинская помощь детям-сиротам в регионах России,1982416.0,https://nuzhnapomosh.ru/funds/doroga-ghizni/
167,"Благотворительный фонд помощи животным ""Собаки, которые любят""",Москва,9705093554.0,да,,,,"Собаки, которые любят","Помощь бездомным животным (собаки и коты) - лечение, стерилизация, поиск дома",1595032.0,https://nuzhnapomosh.ru/funds/sobaki-kotorye-lyubyat/
168,"БЛАГОТВОРИТЕЛЬНЫЙ ФОНД ЕЛЕНЫ РОМАНОВОЙ ""ГОРОД ДОБРА""",Москва,9705125686.0,нет,,,,,,,0
169,"Благотворительный фонд ""Inclusive Dance""",Москва,9709040874.0,да,,,,,,,0
170,"Автономная некоммерческая организация Центр социального развития ""Просвещен""",Москва,9718117467.0,да,Центр реабилитации животных «Верность»,https://dobro.mail.ru/funds/tsentr-reabilitatsii-zhivotnyih-vernost/,https://pets76.ru/,,,,0
171,Благотворительный фонд реализации социальных проектов «Охана»,Москва,9719009665.0,да,,,,,,,0
172,"Благотворительный Фонд Адресной Помощи ""ЛЮБАВА""",Москва,9724022291.0,нет,,,,,,,0
173,"Международный детский фонд ""Дети Саха-Азия""",Якутск,,да,,,,,,,0
174,"Автономная некоммерческая организация ""Реабилитационный центр №1""",Красноярск,,да,,,,,,,0
175,"Ивановская Региональная Общественная Организация Защиты Прав Потребителей в Сфере Банковских и Страховых Услуг ""ПАРТНЕР",Иваново,,да,Центр реабилитации животных «Верность»,https://dobro.mail.ru/funds/tsentr-reabilitatsii-zhivotnyih-vernost/,https://pets76.ru/,Творческое партнерство,Реализация комплексной программы терапии творчеством в детской онкологии,834274.0,https://nuzhnapomosh.ru/funds/tvorcheskoe-partnerstvo/
176,"Благотворительный фонд ""Открывая горизонты""",Москва,,да,,,,,,,0
177,"БЛАГОТВОРИТЕЛЬНЫЙ ФОНД СОЦИАЛЬНОЙ АДАПТАЦИИ ГРАЖДАН ""ТОЧКА ОПОРЫ""",Москва,,да,Благотворительный фонд в поддержку развития спорта инвалидов «Точка опоры»,https://dobro.mail.ru/funds/blagotvoritelnyj-fond-v-podderzhku-razvitiya-sporta-invalidov-tochka-opory/,http://fondopora.ru/,"Точка опоры, г. Санкт-Петербург ","Спорт для всех, невзирая ни на какие физические ограничения.",445305.0,https://nuzhnapomosh.ru/funds/tochka-opory/
178,"НО ""Фонд ""Нижегородский онкологический научный центр""",Нижний Новгород,,да,Благотворительный интернет-фонд «Помоги.Орг»,https://dobro.mail.ru/funds/blagotvoritelnyij-internet-fond-pomogiorg/,https://www.pomogi.org,Фонд Оксаны Федоровой ,"Помощь детям с ДЦП, реализация проектов в области культуры",43685.0,https://nuzhnapomosh.ru/funds/speshite-delaty-dobro/
179,"Автономная некоммерческая организация"" Патронажная служба""",Брянск,,да,,,,,,,0
180,Благотворительный фонд помощи детям с онкологическими заболеваниями памяти Ирины Чёрной «ЛИЧНОЕ УЧАСТИЕ»,Москва,,да,,,,,,,0
181,"БФ ""МОМ""",Москва,,да,Детский благотворительный фонд «Счастливые дети»,https://dobro.mail.ru/funds/detskij-blagotvoritelnyij-fond-schastlivyie-deti-2/,https://happydeti24.ru/,,,,0
182,"Благотворительный фонд социальной поддержки и охраны здоровья граждан ""Помощь""",г. Санкт-Петербург,,да,Благотворительный Фонд Константина Хабенского,https://dobro.mail.ru/funds/blagotvoritelnyij-fond-konstantina-habenskogo/,http://bfkh.ru/,Помощь бездомным собакам,Содержание приюта для бездомных собак и кошек,1862423.0,https://nuzhnapomosh.ru/funds/pomoschy-bezdomnym-sobakam/
183,"Благотворительный фонд поддержки детей и молодежи ""Путевка в жизнь""",Москва,,да,,,,,,,0
184,"Автономная Некоммерческая Организация ""Центр Психологической и информационной поддержки материнства ""Душа Мамы""",москва,,да,,,,,,,0
185,Благотворительный фонд поддержки людей с особенностями развития «Я есть!»,Москва,,да,,,,,,,0
186,"Автономная некоммерческая организация помощи пожилым людям и инвалидам Республики Башкортостан ""Дорогие мои старики""",Уфа,,да,,,,,,,0
187,Благотворительный фонд Памяти Николая Богатикова в поддержку пострадавших в ДТП,Санкт-Петербург,,да,,,,,,,0
188,Фонд «Навстречу переменам»,Москва,,да,,,,,,,0
189,Фонд развития футбола инвалидов «Равные Возможности»,Москва,,да,,,,,,,0
190,"Благотворительный Фонд помощи медикам ""ВБлагодарность""",Москва,,да,,,,,,,0
191,АНО «Преданное Сердце»,Санкт Петербург,,да,,,,,,,0
192,"Благотворительный фонд профилактики и охраны здоровья граждан ""Обними жизнь""",Якутск,,да,,,,,,,0
193,"Благотворительный фонд содействия талантам ""Особые мастера""",Москва,,да,,,,,,,0
194,Благотворительный фонд «Артемка»,Санкт-Петербург,,да,,,,,,,0
195,"Красноярский благотворительный фонд ""Дари добро""",Красноярск,,да,,,,,,,0
196,"Фонд формирования и развития трудового кадрового резерва, обеспечение профессиональной реализации молодежи «ВРЕМЯ ВПЕРЕД»",Москва,,да,,,,,,,0
197,"Благотворительный фонд помощи детям онкогематологическими и иными тяжелыми заболеваниями ""Подари жизнь""",Москва,,да,Благотворительный фонд помощи хосписам «Вера»,https://dobro.mail.ru/funds/blagotvoritelnyij-fond-pomoschi-hospisam-vera/,http://www.hospicefund.ru/,,,,0
198,Благотворительный фонд межцерковной христианской диаконии (БФ Диакония),Санкт-Петербург,,да,,,,,,,0
199,"Фонд помощи животным ""Лапа Дружбы""",Москва,,да,,,,Лапа Дружбы,"Спасают собак, попавших в беду, и ищут им лучший дом",349821.0,https://nuzhnapomosh.ru/funds/lapa-drughby/
200,Фонд содействия защите здоровья и социальной справедливости имени Андрея Рылькова,Москва,,да,,,,,,,0
201,"Автономная некоммерческая организация по развитию и поддержке вакцинопрофилактики ""Коллективный иммунитет""",Санкт-Петербург,,да,,,,,,,0
202,Благотворительный фонд поддержки и развития образования «Новый учитель»,Москва,,да,,,,,,,0
203,"Благотворительный фонд помощи детям ""Марафон 5 дней""",Сочи,,да,,,,,,,0
204,ВРОО Аутмама,Воронеж,,да,,,,,,,0
205,Благотворительный Фонд поддержки семьи «Мои друзья»,Москва,,да,,,,,,,0
206,Автономная некоммерческая организация по оказанию психологической помощи и социальному консультированию «Проект СО-действие (Социально Ответственное действие)»,Москва,,да,,,,,,,0
207,Театр-цирк Монгольфьери,Санкт-Петербург,,да,,,,,,,0
208,"НП ""Центр содействия экологическому предпринимательству""",Москва,,да,,,,,,,0
209,"АНО ""Алтае-Саянское горное партнерство""",Усть-Кокса,,да,,,,,,,0
210,Благотворительный фонд Цветы добра,Липецк,,да,,,,,,,0
211,Благотворительный фонд помощи людям с тяжёлой формой инвалидности Циферка,Москва,,да,,,,,,,0
212,"Благотворительный фонд ""Подари мне крылья""",Санкт-Петербург,,да,Благотворительный фонд «Подари мне крылья»,https://dobro.mail.ru/funds/blagotvoritelnyij-fond-podari-mne-kryilya/,https://bfpmk.ru/,,,,0
213,Автономная некоммерческая организация дополнительного профессионального образования «Центр обучения профессионалов здравоохранения»,Москва,,да,,,,,,,0
214,"Благотворительный фонд помощи тяжело больным детям, детям-инвалидам ""Планета здоровья""",Новороссийск,,да,,,,,,,0
215,"Благотворительный фонд ""Дарю Благо""",Екатеринбург,,да,,,,,,,0
216,Благотворительный Фонд «Родительский мост»,Санкт- Петербург,,да,Санкт-Петербургский общественный благотворительный фонд «Родительский мост»,https://dobro.mail.ru/funds/sankt-peterburgskij-obschestvennyij-blagotvoritelnyij-fond-roditelskij-most/,http://www.rodmost.ru/,,,,0
217,"Фонд поддержки современного искусства ""Космоскоу""",Москва,,да,,,,,,,0
218,"Автономная некоммерческая организация ""центр бесплатной юридической и информационно-коммуникационной помощи"" Парадигма """,Бугуруслан,,да,,,,,,,0
219,"Благотворительный фонд помощи животным ""Тедди""",Самара,,да,,,,,,,0
220,"Марфо-Мариинская обитель милосердия, Группа работы с просителями",Москва,,да,,,,,,,0
221,"Межрегиональная общественная организация ""Дальневосточная Экологическая комиссия""",Уссурийск,,да,,,,Дальневосточная Экологическая комиссия,содействует развитию правозащитной деятельности в сфере экологии природы и человека,3135.0,https://nuzhnapomosh.ru/funds/dalynevostochnaya-ekologicheskaya-komissiya/
222,"АНО ""Инклюзивный центр ""Йом-йом""",Санкт-Петербург,,да,Благотворительный фонд «Гольфстрим»,https://dobro.mail.ru/funds/bf-golfstrim/,http://www.golfstreamfond.ru/,Инклюзивный центр «Йом-йом»,Помощь семьям с особыми детьми и развитие инклюзивной среды,64030.0,https://nuzhnapomosh.ru/funds/inklyuzivnyy-centr-yom-yom/
223,Российский комитет Международного совета музеев (ИКОМ России),Москва,,да,,,,,,,0
224,"НКО Благотворительный фонд ""Счастливый мир""",Москва,,да,,,,,,,0
225,"Некоммерческая организация ""Фонд поддержки гражданских инициатив "" Светлые Лица""",Надым,,да,,,,,,,0
226,Некоммерческая организация Благотворительный фонд «Счастливый мир»,Москва,,да,,,,,,,0
227,"Автономная некоммерческая организация ""Образовательный клуб друзей физико-математической школы № 146""",Пермь,,да,,,,,,,0
228,Благотворительный фонд развития системной помощи пациентам с миодистрофией Дюшенна «Гордей»,Москва,,да,,,,,,,0
229,"Благотворительный фонд помощи детям ""Инфраструктура детства""",Тольятти,,да,,,,,,,0
230,"РООИ ""Творческое партнерство""",Москва,,да,,,,Творческое партнерство,Реализация комплексной программы терапии творчеством в детской онкологии,834274.0,https://nuzhnapomosh.ru/funds/tvorcheskoe-partnerstvo/
231,Ассоциация участников социальных проектов «Драйвер роста»,Белгород,,да,,,,,,,0
232,"Благотворительный фонд поддержки инвалидов, их семей и людей, находящихся в тяжелой жизненной ситуации «Времена года»",Вологда,,да,,,,,,,0
233,"Хабаровская краевая общественная организация ""Милосердие""",Хабаровск,,да,Фонд продовольствия «Русь»,https://dobro.mail.ru/funds/blagotvoritelnyj-fond-bank-prodovolstviya-rus/,http://foodbankrus.ru/,,,,0
234,"Благотворительный фонд ""Мир в каждый дом""",Москва,,да,Благотворительный фонд «Мир в каждый дом»,https://dobro.mail.ru/funds/blagotvoritelnyij-fond-podderzhki-sotsialno-obschestvennyih-proektov-mir-v-kazhdyij-dom-2/,https://www.fondmir.org/,Мир в каждый дом,занимается лечением и профилактикой детского ожога,0.0,https://nuzhnapomosh.ru/funds/mir-v-kaghdyy-dom/
235,"АНО Центр развития волонтерства ""ПОМОГИ ПРОСТО""",Санкт-Петербург,,да,,,,,,,0
236,"АНО защиты труда ""Этика трудовых отношений""",Домодедово,,да,,,,,,,0
237,Автономная некоммерческая организация по реализации социально значимых программ и проектов «Во благо» (АНО «Во благо»),Москва,,да,,,,,,,0
238,"Благотворительный фонд помощи детям, рождённым на раннем сроке ""Подари солнечный свет""",Москва,,да,,,,,,,0
239,АНО Общество помощи детям Возможность,Уфа,,да,,,,,,,0
240,"БФ ""Творящие добро""",Уфа,,да,,,,,,,0
241,"Благотворительный фонд ""Плюс Помощь Детям""",Москва,,да,Благотворительный фонд «Плюс помощь детям»,https://dobro.mail.ru/funds/plyus-pomosch-detyam/,https://bbhelp.ru/,Плюс Помощь Детям,Комплексная помощь маленьким детям с тяжёлыми заболеваниями и их родителям,1548449.0,https://nuzhnapomosh.ru/funds/plyus-pomoschy-detyam/
242,"Фонд поддержки,помощи и развития многодетных семей и людей находящихся в трудной жизненной ситуации или социально-опасном положении ""Дела Любви""",Санкт-Петербург,,да,,,,,,,0
243,"Благотворительный фонд в поддержку развития детского творчества ""Жизнь в искусстве""",Москва,,да,,,,,,,0
244,Международный благотворительный фонд имени Надежды Филаретовны фон Мекк,Москва,,да,,,,,,,0
245,МБОО Ночлежка,Санкт-Петербург,,да,,,,,,,0
246,"Фонд благотворительной помощи детям-сиротам и инвалидам ""Димина Мечта""",Москва,,да,,,,,,,0
247,Благотворительный Фонд Помощи Детям WorldVita,Санкт-Петербург,,да,,,,,,,0
248,Благотворительный фонд помощи людям с диагнозом «нейробластома» и членам их семей «Энби»,Москва,,да,,,,,,,0
249,Благотворительный фонд «Каждый особенный»,Белгород,,да,,,,,,,0
250,"АВТОНОМНАЯ НЕКОММЕРЧЕСКАЯ ОРГАНИЗАЦИЯ ""ПЛАТФОРМА ОБРАЗОВАТЕЛЬНЫХ ПРОЕКТОВ""",Пермь,,да,,,,Платформа образовательных проектов,Проекты для увлекательного и эффективного образования,114315.0,https://nuzhnapomosh.ru/funds/platforma-obrazovatelynyh-proektov/
251,"Благотворительный фонд ""Шалаш""",Москва,,да,Фонд «Шалаш»,https://dobro.mail.ru/funds/blagotvoritelnyij-fond-shalash/,https://shalash.academy/,Шалаш,Системно решает проблему трудного поведения в России,98364.0,https://nuzhnapomosh.ru/funds/shalash/
252,"Ассоциация приемных родителей: усыновителей, опекунов, попечителей г. Санкт-Петербурга",Санкт-Петербург,,да,,,,,,,0
253,"Некоммерческий фонд ""Тридцатка""",Санкт-Петербург,,да,,,,,,,0
254,"Благотворительный фонд ""АУТсайд""",Москва,,да,,,,,,,0
255,"АНО ""Центр тренинга и консультирования "" Максимум""",Петрозаводск,,да,,,,,,,0
256,"Благотворительный фонд помощи малообеспеченным слоям населения ""Дари добро""",Краснознаменск,,да,,,,,,,0
257,"Благотворительный фонд ""Миссия""",Москва,,да,Межрегиональная экологическая общественная организация «ЭКА»,https://dobro.mail.ru/funds/mezhregionalnaya-ekologicheskaya-obshestvennaya-organizaciya-eka/,http://ecamir.ru/,Миссия,Помощь детям-сиротам и социально-незащищенным семьям,63285.0,https://nuzhnapomosh.ru/funds/missia/
258,"АНО ДПО ""Институт развития семейного устройства"" (ИРСУ)",Москва,,да,Институт развития семейного устройства,https://dobro.mail.ru/funds/avtonomnaya-nekommercheskaya-organizatsiya-dopolnitelnogo-professionalnogo-obrazovaniya-institut-raz/,https://irsu.info/,Институт развития семейного устройства,Помощь семьям с приемными детьми,27912.0,https://nuzhnapomosh.ru/funds/institut-razvitiya-semeynogo-ustroystva/
259,Благотворительный фонд поддержки еврейских традиций и культуры «СОЛОМОН»,Москва,,да,,,,,,,0
260,Благотворительный фонд Благостыня,Пермь,,да,,,,,,,0
261,"Автономная некоммерческая организация Инклюзивный клуб ""Забота"" г.Няндома",Няндома,,да,Благотворительный центр помощи детям «Радуга»,https://dobro.mail.ru/funds/oroo-btspd-raduga/,http://raduga-omsk.ru/,Школа патронажного ухода «Внимание и забота»,Обучение патронажному уходу,2163292.0,https://nuzhnapomosh.ru/funds/shkola-patronaghnogo-uhoda-vnimanie-i-zabota/
262,Благотворительный фонд «Фонд Ройзмана»,Екатеринбург,,да,Благотворительный фонд «Фонд Ройзмана»,https://dobro.mail.ru/funds/bf-fond-rojzmana/,https://roizmanfond.ru/,,,,0
263,Межрегиональный благотворительный общественный фонд помощи больным эпилепсией «Содружество»,Москва,,да,,,,,,,0
264,"Благотворительный фонд ""Дети-бабочки""",Москва,,да,Благотворительный фонд «Мы Рядом!»,https://dobro.mail.ru/funds/myi-ryadom/,http://miryadom.ru/,Дети-бабочки,Помощь детям с буллёзным эпидермолизом,10614927.0,https://nuzhnapomosh.ru/funds/deti-babochki/
265,"Благотворительный фонд ""Ковчег""",Нижний Тагил,,да,Благотворительный фонд «Ковчег»,https://dobro.mail.ru/funds/fond-kovcheg/,https://ossne.ru,Ковчег ,Комплексная помощь в улучшении жизни социально незащищенным слоям населения,52062.0,https://nuzhnapomosh.ru/funds/kovcheg/
266,Межрегиональная общественная организация нефрологических пациентов «НЕФРО-ЛИГА»,Калининград,,да,,,,,,,0
267,"Некоммерческая организация регионального благотворительного фонда ""Рука помощи""",Новосибирск,,да,Благотворительный фонд «Рука помощи бездомным животным»,https://dobro.mail.ru/funds/ruka-pomoschi-bezdomnyim-zhivotnim/,https://www.pitomec58.com/,Рука помощи бездомным животным,Помощь бездомным животным,1046429.0,https://nuzhnapomosh.ru/funds/ruka-pomoschi-bezdomnym-ghivotnym/
268,Фонд поддержки и продвижения молодых талантов в области искусства и развития международных культурных связей Ильдара Абдразакова,Москва,,да,,,,,,,0
269,"КГОО ""Союз многодетных семей"" Кубанская семья""",Краснодар,,да,,,,,,,0
270,"Санкт-Петербургская благотворительная общественная организация помощи детям, находящимся в трудной жизненной ситуации, «Мята»",Санкт-Петербург,,да,,,,,,,0
271,Свердловская региональная общественная организация поддержки президентских инициатив в области здоровьесбережения нации «Общее дело»,Екатеринбург,,да,,,,,,,0
272,Автономная некоммерческая организация Центр социальной помощи “Надежда”,Тамбов,,да,,,,,,,0
273,Автономная некоммерческая организация «Центр развития и реабилитации детей «Светлый город»,Санкт-Петербург,,да,,,,,,,0
274,"Карельская региональная общественная организация социальной реабилитации и канистерапии ""Открытые сердца""",Петрозаводск,,да,,,,,,,0
275,"Автономная некоммерческая организация ""Центр защиты материнства и детства ""Тёплый дом на горе""",Махачкала,,да,,,,,,,0
276,"Автономная Некоммерческая Организация помощи людям в трудной жизненной ситуации ""ТВОЙ ДОМ""",Новосибирск,,да,,,,Твой Дом,помощь социально незащищенным слоям населения,52297.0,https://nuzhnapomosh.ru/funds/tvoy-dom/
277,"АНО социальной реабилитации пожилых и инвалидов Центр ""Добровольцы серебряного возраста"" Калининградской области",Калининград,,да,,,,,,,0
278,БИФ Помоги.Орг,Москва,,да,,,,,,,0
279,Автономная некоммерческая организация «Центр Исследования и Развития Предпринимательства»,Москва,,да,,,,,,,0
280,Дом в горошек,красноярск,,да,,,,,,,0
281,"Центр реабилитации животных ""Верность""",Ярославль,,да,"Фонд медицинских решений ""Не напрасно""",https://dobro.mail.ru/funds/fond-profilaktiki-raka/,https://nenaprasno.ru/,Верность,"Центр ""Верность"" выстраивает инфраструктуру для системной помощи бездомным животным.",451847.0,https://nuzhnapomosh.ru/funds/vernosty/
282,Благотворительный фонд Калининградской области «Берег надежды»,Калининград,,да,Благотворительный фонд Калининградской области «Берег надежды»,https://dobro.mail.ru/funds/blagotvoritelnyij-fond-kaliningradskoj-oblasti-bereg-nadezhdyi/,http://bereg-nadejdy.ru/,,,,0
283,Автономная благотворительная некоммерческая организация Центр социального развития и самопомощи,Москва,,да,,,,,,,0
284,Ассоциация инструкторов массажа в школах,Россия,,да,,,,,,,0
285,Марфо-Мариинский центр для детей с ограниченными возможностями здоровья,Москва,,да,,,,,,,0
286,"Автономная Некоммерческая Организация ""Центр защиты семьи, материнства и детства""Счастье""",Коломна,,да,,,,,,,0
287,БФ Русфонд,Самара,,да,,,,,,,0
288,Региональная общественная организация поддержки инвалидов «Радость»,Москва,,да,,,,,,,0
289,"Фонд ""Подарок Судьбы""",г. Москва,,да,,,,Подарок судьбы,Помощь бездомным и домашним животным,10015222.0,https://nuzhnapomosh.ru/funds/podarok-sudyby/
290,"Благотворительный фонд ""ЕВИТА""",Самара,,да,,,,,,,0
291,"Благотворительный фонд помощи детям с ДЦП ""Добросердие""",Москва,,да,,,,Добросердие,"Помощь детям с ДЦП, организациям и учреждениям, работающим с детьми ДЦП",433057.0,https://nuzhnapomosh.ru/funds/dobroserdie/
292,"Благотворительный фонд помощи взрослым онкобольным ""Огромное сердце"" Ольги Сергеенко",Москва,,да,,,,Огромное сердце,Комплексная помощь взрослым онкобольным и их близким  ,378965.0,https://nuzhnapomosh.ru/funds/greatheart/
293,"Автономная некоммерческая организация Центр социальной адаптации детей ""Живу с культурой""",Москва,,да,,,,,,,0
294,"Межрегиональный благотворительный общественный фонд ""Екатеринбургский еврейский культурынй центр ""Менора""",Екатеринбург,,да,,,,,,,0
295,"АНО ""ЦЕНТР СОЦИАЛЬНЫХ КОММУНИКАЦИЙ ""СОВА""",Москва,,да,,,,,,,0
296,"РОД ""Петербургские родители""",Санкт-Петербург,,да,СПбРОД «Петербургские родители»,https://dobro.mail.ru/funds/spbrod-peterburgskie-roditeli/,http://petrod.ru/,Петербургские родители,12 лет няни движения выхаживают сирот в больницах Санкт-Петербурга,424039.0,https://nuzhnapomosh.ru/funds/peterburgskie-roditeli/
297,"Благотворительный фонд ""БлагоДаря""",Санкт-Петербург,,да,Свято-Димитриевское сестричество,https://dobro.mail.ru/funds/bf-miloserdie/,https://miloserdie.help/programma-sidelki/,БлагоДаря,"Сервис, который помогает помогать",9508.0,https://nuzhnapomosh.ru/funds/blagodarya/
298,Межрегиональная благотворительная общественная организация содействия в реализации социальных программ в области медицины и здравоохранения «ВОЗРОЖДЕНИЕ»,Москва,,да,,,,,,,0
299,"Общероссийская общественная организация помощи социально незащищенным категориям граждан ""Под крылом России""",Москва,,да,,,,,,,0
300,Благотворительный Фонд социальной поддержки граждан «Подари Любовь Миру»,Балашиха,,да,,,,,,,0
301,Благотворительный фонд им. Арины Тубис,Петрозаводск,,да,,,,,,,0
302,Благотворительный фонд содействия семейному устройству «Найди семью»,Москва,,да,Благотворительный фонд содействия семейному устройству «Найди семью»,https://dobro.mail.ru/funds/blagotvoritelnyij-fond-sodejstviya-semejnomu-ustrojstvu-najdi-semyu-3/,https://sirota.ru/,,,,0
303,"Некоммерческая организация ""Ассоциация замещающих семей Свердловской области""",Екатеринбург Свердловская область,,да,,,,,,,0
304,"Нижневартовский благотворительный фонд ""Твори добро""",Нижневартовск,,да,Благотворительный фонд «Твори добро»,https://dobro.mail.ru/funds/tvori-dobro/,http://www.bftd.ru/,,,,0
305,"Сухоложская Городская Общественная Организация Поддержки Граждан в Трудной Жизненной Ситуации «УМКА» ( уважение, милосердие, конфиденциальность, анонимность)",городской округ Сухой Лог,,да,,,,,,,0
306,"ЧУЗ Марфо-Мариинский медицинский центр ""Милосердие""",Москва,,да,Фонд продовольствия «Русь»,https://dobro.mail.ru/funds/blagotvoritelnyj-fond-bank-prodovolstviya-rus/,http://foodbankrus.ru/,,,,0
307,Автономная некоммерческая организация «Центр развития филантропии «Сопричастность»,Москва,,да,,,,,,,0
308,"Фонд развития филантропии ""КАФ""",Москва,,да,Благотворительный фонд помощи детям и взрослым с особенностями развития «Открыть Мир»,https://dobro.mail.ru/funds/blagotvoritelnyj-fond-pomoshi-detyam-i-vzroslym-s-osobennostyami-razvitiya-otkryt-mir/,http://out-mir.ru/,,,,0
309,Благотворительный фонд «Центр социальной адаптации и поддержки соотечественников «Достойный гражданин»,Москва,,да,,,,,,,0
310,"Сибирский благотворительный фонд помощи детям инвалидам и детям сиротам ""Только вместе""",Новокузнецк,,да,,,,Только вместе,Экологичная инклюзия с заботой о равном детстве,17761.0,https://nuzhnapomosh.ru/funds/tolyko-vmeste/
311,"Автономная некоммерческая организация центр поддержки детей ""Здесь рады детям""",Москва,,да,,,,,,,0
312,"Благотворительный фонд ""Звезда""",Казань,,да,"Благотворительный фонд помощи детям и взрослым, страдающим неврологическими заболеваниями и их семьям «Звезда»",https://dobro.mail.ru/funds/blagotvoritelnyij-fond-zvezda/,https://www.zvezdafond.ru/,Звезда,Помощь семьям с маленькими детьми с задержками развития,359828.0,https://nuzhnapomosh.ru/funds/zvezda/
313,Автономная некоммерческая организация «Первый игровой центр опережающего развития «Пирамидка»,Пятигорск,,да,,,,,,,0
314,"СПб БОО ""Перспективы""",Санкт-Петербург,,да,РООИ «Перспектива»,https://dobro.mail.ru/funds/regionalnaya-obschestvennaya-organizatsiya-invalidov-perspektiva/,http://www.perspektiva-inva.ru/,Перспективы,Помощь детям и взрослым с ментальной и физической инвалидностью,11634420.0,https://nuzhnapomosh.ru/funds/perspektivy/
315,Благотворительный фонд Цвет жизни,Москва,,да,,,,,,,0
316,Благотворительный фонд помощи детям «СТРАНА-ДЕТЯМ»,Москва,,да,,,,,,,0
317,"Благотворительный фонд ""Я особенный""",Екатеринбург,,да,,,,,,,0
318,"Автономная некоммерческая организация центр дополнительного образования ""КАДЕТ""",Новосибирск,,да,,,,,,,0
319,"АНО ""Детская следж-хоккейная лига""",Москва,,да,АНО «Детская следж-хоккейная лига»,https://dobro.mail.ru/funds/ano-detskaya-sledzh-hokkejnaya-liga/,https://paraicehockey.ru/,Детская следж-хоккейная лига,Развитие адаптивного хоккея для детей с ОВЗ,32696.0,https://nuzhnapomosh.ru/funds/detskaya-sledgh-hokkeynaya-liga/
320,Благотворительный фонд помощи детям и малоимущим гражданам «Простые вещи»,Москва,,да,,,,,,,0
321,"АНО по формированию и развитию дружелюбной разновозрастной среды, профессиональной и межпоколенческой коммуникации «Пора жить»",Москва,,да,,,,,,,0
322,Encorecharity,Москва,,да,,,,,,,0
323,"АНО Центр ""Ориентир""",Новосибирск,,да,Центр «Гилель»,https://dobro.mail.ru/funds/fond-tsentr-gilel/,https://hillel.ru/,,,,0
324,"Ассоциация пациентов и специалистов, помогающих людям с ВИЧ, вирусными гепатитами и другими социально значимыми заболеваниями «Е.В.А.»",Санкт-Петербург,,да,,,,,,,0
325,"Благотворительный фонд помощи семьям в трудной жизненной ситуации ""Свет в руках""",Москва,,да,Благотворительный фонд «Свет в руках»,https://dobro.mail.ru/funds/blagotvoritelnyij-fond-svet-v-rukah/,https://lightinhands.ru/,Свет в руках,Помощь семьям при перинатальной утрате,1597554.0,https://nuzhnapomosh.ru/funds/svet-v-rukah/
326,"Благотворительный фонд ""Дом Роналда Макдоналда""",Москва,,да,Благотворительный фонд «Дом Роналда Макдоналда»,https://dobro.mail.ru/funds/blagotvoritelnyij-fond-dom-ronalda-makdonalda/,http://rmhc.ru/,Дом Роналда Макдоналда,Помогаем детям не разлучаться с семьей во время лечения,68812.0,https://nuzhnapomosh.ru/funds/dom-ronalda-makdonalda/
327,"Благотворительный Фонд помощи животным ""Благое Дело""",Сочи,,да,,,,,,,0
328,Специализированный фонд управления целевым капиталом для развития Московского физико-технического института,г. Долгопрудный Московской области,,да,,,,,,,0
329,Благотворительный фонд помощи ментальным инвалидам Единение,Москва,,да,,,,,,,0
330,"Благотворительный фонд ""Доброделы Петербурга""",Санкт-Петербург,,да,,,,,,,0
331,"Благотворительный фонд ""Абсолют-Помощь""",Москва,,да,,,,,,,0
332,"Некоммерческий благотворительный фонд помощи детям ""Дедморозим""",Пермь,,да,Некоммерческий благотворительный фонд «Дедморозим»,https://dobro.mail.ru/funds/nekommercheskij-blagotvoritelnyij-fond-pomoschi-detyam-dedmorozim-2/,http://dedmorozim.ru/,Дедморозим,Помощь тяжелобольным детям и детям-сиротам в Пермском крае,794191.0,https://nuzhnapomosh.ru/funds/dedmorozim/
333,"Благотворительный фонд ""Мир Доброты""",Санкт-Петербург,,да,,,,,,,0
334,"БЛАГОТВОРИТЕЛЬНЫЙ ФОНД ПОМОЩИ ЛЮДЯМ, НАХОДЯЩИМСЯ В ТРУДНОЙ ЖИЗНЕННОЙ СИТУАЦИИ, ИМЕНИ А.С. МАКАРЕНКО",Таруса,,да,,,,,,,0
335,"Автономная некоммерческая организация ""Семья детям""",Екатеринбург,,да,Автономная некоммерческая организация «Семья детям»,https://dobro.mail.ru/funds/avtonomnaya-nekommercheskaya-organizatsiya-semya-detyam/,http://www.family2children.ru/,Семья детям,"Поддержка детей и семей, оказавшихся в трудной жизненной ситуации",1298396.0,https://nuzhnapomosh.ru/funds/semyya-detyam/
336,Фонд развития гуманных методов исследования фармацевтических и косметических средств «СеллСтандарт»,Санкт-Петербург,,да,,,,,,,0
337,"Благотворительный фонд помощи многодетным семьям ""Два крыла""",Уфа,,да,,,,,,,0
338,"Автономная некоммерческая организация ""Центр содержания бездомных животных""",Москва,,да,,,,,,,0
339,Благотворительный фонд «Старость в радость»,Москва,,да,Благотворительный фонд «Старость в радость»,https://dobro.mail.ru/funds/starost-v-radost/,http://www.starikam.org/,,,,0
340,Благотворительный фонд помощи детям с онкогематологическими и иными тяжелыми заболеваниями«ДоброСвет»,Москва,,да,,,,,,,0
341,Благотворительный фонд «Солнечный город»,Новосибирск,,да,Детский благотворительный фонд «Солнечный город»,https://dobro.mail.ru/funds/detskij-blagotvoritelnyij-fond-solnechnyij-gorod/,http://www.sgdeti.ru/,,,,0
342,Благотворительный фонд «Детские сердца»,Москва,,да,,,,,,,0
343,"Благотворительный фонд ""ПравЖизнь""",,,да,,,,,,,0
344,Фонд помощи детям и молодежи «Обнаженные сердца»,Москва,,да,,,,,,,0
345,Благотворительный фонд «Вера»,,,да,,,,,,,0
346,Подарок ангелу,Москва,,да,,,,Подарок Ангелу,Системная помощь детям и взрослым с церебральным параличом,645811.0,https://nuzhnapomosh.ru/funds/podarok-angelu/
347,"Благотворительный фонд ""Подсолнух""",Москва,,да,БФ помощи детям и взрослым с нарушениями иммунитета «Подсолнух»,https://dobro.mail.ru/funds/blagotvoritelnyij-fond-pomoschi-detyam-s-narusheniyami-immuniteta-podsolnuh/,http://fondpodsolnuh.ru/,Подсолнух,Помощь детям и взрослым с тяжелыми генетическими нарушениями иммунитета,7096965.0,https://nuzhnapomosh.ru/funds/podsolnuh/
348,Детские деревни SOS,Москва,,да,Российский Комитет «Детские деревни – SOS»,https://dobro.mail.ru/funds/mezhregionalnaya-blagotvoritelnaya-obschestvennaya-organizatsiya-rossijskij-komitet-detskie-derevni-/,https://sos-dd.ru/,,,,0
349,Ассоциация «Некоммерческое партнерство развития донорства «Донор-Сёрч»,Казань,,да,Ассоциация «Некоммерческое партнерство развития донорства «Донор-Сёрч»,https://dobro.mail.ru/funds/assotsiatsiya-nekommercheskoe-partnerstvo-razvitiya-donorstva-donorsearch/,Нет,,,,0
350,Благотворительный фонд «Измени одну жизнь»,Москва,,да,Благотворительный фонд «Измени одну жизнь»,https://dobro.mail.ru/funds/bf-izmeni-odnu-zhizn/,http://www.changeonelife.ru/,,,,0
351,Благотворительный фонд содействия образованию детей-сирот,Москва,,да,,,,,,,0
352,"Благотворительный фонд ""Планета Добра""",Москва,,да,,,,,,,0
353,"АНО Центр социальных технологий ""Ломая Барьеры""",Уфа,,да,,,,Ломая барьеры,"оказывает  помощь детям, инвалидам, лицам в трудной жизненной ситуации",270978.0,https://nuzhnapomosh.ru/funds/lomaya-baryery/
354,Благотворительный Фонд «Настенька»,москва,,да,Благотворительный фонд «Настенька»,https://dobro.mail.ru/funds/blagotvoritelnyij-fond-nastenka/,http://www.nastenka.ru/,,,,0
355,Союз волонтерских организаций и движений (СВОД),Москва,,да,,,,,,,0
356,"Благотворительный фонд ""Линия жизни""",Москва,,да,Благотворительный фонд «Линия жизни»,https://dobro.mail.ru/funds/blagotvoritelnyj-fond-liniya-zhizni/,http://www.life-line.ru/,Линия жизни,Помощь тяжелобольным детям,588282.0,https://nuzhnapomosh.ru/funds/liniya-ghizni/
357,"Благотворительный фонд ""Протяни руку""",Москва,,да,Международная благотворительная общественная организация «Справедливая помощь»,https://dobro.mail.ru/funds/spravedlivaya-pomosch-fond-doktora-lizyi/,http://www.doctorliza.ru/,,,,0
358,Благотворительный фонд «Артист»,Москва,,да,,,,,,,0
359,"Благотворительный фонд ""Мир Сердца""",Москва,,да,,,,,,,0
360,"Благотворительный центр ""Верю в чудо""",Калининград,,да,Благотворительный центр «Верю в чудо»,https://dobro.mail.ru/funds/blagotvoritelnyij-tsentr-veryu-v-chudo/,https://deti39.com,Верю в чудо,Помощь семьям с детьми с тяжелыми заболеваниями и детям-сиротам,10936641.0,https://nuzhnapomosh.ru/funds/veryu-v-chudo/
361,"Фонд поддержки научной и научно-технической деятельности молодежи ""Время науки""",Санкт-Петербург,,да,,,,,,,0
362,Центр социальной реабилитации «Турмалин»,Москва,,да,,,,,,,0
363,Экологическое движение «РазДельный Сбор»,Санкт-Петербург,,да,Экологическое движение «РазДельный Сбор»,https://dobro.mail.ru/funds/razdelnyj-sbor/,http://www.rsbor.ru,,,,0
364,Благотворительный фонд помощи животным «Подбери друга»,Москва,,да,,,,,,,0
365,Благотворительный фонд «Фонд борьбы с лейкемией»,Москва,,да,,,,,,,0
366,«Колесо Обозрения»,Москва,,да,,,,,,,0
367,"Фонд медицинских решений ""Не напрасно""",Санкт-Петербург,,да,"Фонд медицинских решений ""Не напрасно""",https://dobro.mail.ru/funds/fond-profilaktiki-raka/,https://nenaprasno.ru/,Не напрасно,Повышение качества онкологической службы в России,22613892.0,https://nuzhnapomosh.ru/funds/ne-naprasno/
368,Благотворительный фонд содействия решению проблем аутизма «Выход»,Москва,,да,,,,,,,0
369,"Благотворительный центр ""Радуга""",Омск,,да,Благотворительный центр помощи детям «Радуга»,https://dobro.mail.ru/funds/oroo-btspd-raduga/,http://raduga-omsk.ru/,"Радуга, Иркутск",Помощь детям с синдромом Дауна и их семьям,2968745.0,https://nuzhnapomosh.ru/funds/raduga-irkutsk/
370,"Благотворительный фонд ""Бюро Добрых Дел""",Москва,,да,Благотворительный фонд «Бюро Добрых Дел»,https://dobro.mail.ru/funds/blagotvoritelnyij-fond-byuro-dobryih-del/,http://www.burodd.ru/,Бюро Добрых Дел,Готовит воспитанников детских домов к будущей самостоятельной жизни,4529675.0,https://nuzhnapomosh.ru/funds/byuro-dobryh-del/
371,Региональная общественная организация родителей детей-инвалидов,Киров,,да,Региональная общественная организация родителей детей-инвалидов «Дорогою добра» Кировской области,https://dobro.mail.ru/funds/regionalnaya-obshestvennaya-organizaciya-roditelej-detej-invalidov-dorogoyu-dobra-kirovskoj-oblasti/,http://rordi.ru/,,,,0
372,"Благотворительный фонд ""РЭЙ""",Москва,,да,Благотворительный фонд помощи бездомным животным «РЭЙ»,https://dobro.mail.ru/funds/blagotvoritelnyij-fond-pomoschi-bezdomnyim-zhivotnyim-rej/,http://rayfund.ru/,РЭЙ,Помощь бездомным животным и приютам,11621136.0,https://nuzhnapomosh.ru/funds/rey/
373,"Зоозащитный центр ""Новый Ковчег""",Обнинск,,да,,,,,,,0
374,"Благотворительный фонд помощи детям с онкологическими и онкогематологическими заболеваниями ""Жизнь""",Москва,,да,Благотворительный фонд «Дом с маяком»,https://dobro.mail.ru/funds/dom-s-mayakom/,https://mayak.help/,Шаг в жизнь,Создание сказочных детских парков в регионах России.Поддержка детского хоккея.,86227.0,https://nuzhnapomosh.ru/funds/shag-v-ghizny/
375,Благотворительный образовательный фонд Мархамат,Уфа,,да,,,,,,,0
376,"Центр равных возможностей ""Вверх""",Москва,,да,,,,Движение вверх,Помощь детям с инвалидностью пройти реабилитацию,523680.0,https://nuzhnapomosh.ru/funds/dvighenie-vverh/
377,"Благотворительный фонд ""Шередарь""",Москва,,да,"Благотворительный фонд реабилитации детей, перенесших тяжелые заболевания «Шередарь»",https://dobro.mail.ru/funds/blagotvoritelnyij-fond-sheredar/,http://www.sheredar.ru/,Шередарь,"Реабилитация детей, перенесших тяжелые заболевания",3035754.0,https://nuzhnapomosh.ru/funds/sheredary/
378,"Благотворительная организация ""Шаг Навстречу""",Санкт-Петербург,,да,Благотворительная организация «Шаг навстречу»,https://dobro.mail.ru/funds/blagotvoritelnaya-organizaciya-shag-navstrechu/,http://shag-navstrechu.ru/,Шаг навстречу,Поддержка детей с инвалидностью из детского дома,1221448.0,https://nuzhnapomosh.ru/funds/shag-navstrechu/
379,"Благотворительный фонд помощи детям ""ДетскиеДомики""",Москва,,да,,,,,,,0
380,Ассоциация ГАООРДИ,Санкт-Петербург,,да,,,,,,,0
381,"НО ""БФ ""Личное участие""",Самара,,да,Благотворительный фонд «Гольфстрим»,https://dobro.mail.ru/funds/bf-golfstrim/,http://www.golfstreamfond.ru/,,,,0
382,Ассоциация cоциально-ориентированных некоммерческих организаций «Благотворительное собрание «Все вместе»,Москва,,да,,,,,,,0
383,РакФонд,Москва,,да,РакФонд,https://dobro.mail.ru/funds/fond-podderzhki-nauchnyih-issledovanij-v-onkologii-rakfond/,https://www.rakfond.org/,РакФонд,Поддержка и развитие научных исследований для борьбы с онкологическими заболеваниями,1627577.0,https://nuzhnapomosh.ru/funds/rakfond/
384,"Благотворительный фонд ""Наше Наследие""",Иркутск,,да,,,,,,,0
385,Фонд борьбы с инсультом ОРБИ,Москва,,да,,,,Фонд борьбы с инсультом ОРБИ,Сокращение случаев инсульта и уменьшение тяжести их последствий,8192130.0,https://nuzhnapomosh.ru/funds/fond-borby-s-insultom-orbi/
386,"Благотворительный фонд ""Синдром Вильямса""",Москва,,да,,,,Синдром Вильямса,Информационная и психологическая поддержка семей с детьми с Синдромом Вильямса,416892.0,https://nuzhnapomosh.ru/funds/blagotvoritelynyy-fond-sindrom-vilyyamsa/
387,Благотворительный фонд AdVita,Санкт-Петербург,,да,,,,,,,0
388,Благотворительный фонд «Добрый город Петербург»,Санкт-Петербург,,да,Благотворительный фонд «Добрый город Петербург»,https://dobro.mail.ru/funds/blagotvoritelnyij-fond-dobryij-gorod-peterburg/,http://dobrygorod.spb.ru/,,,,0
389,"Благотворительный фонд ""Синдром любви""",Москва,,да,"Благотворительный фонд ""Синдром любви""",https://dobro.mail.ru/funds/sindrom-lyubvi/,http://www.sindromlubvi.ru/,Синдром любви,Поддержка людей с синдромом Дауна в России,1431048.0,https://nuzhnapomosh.ru/funds/sindrom-lyubvi/
390,"Благотворительный фонд ""Подари надежду""",Москва,,да,,,,,,,0
391,Санкт-Петербургская благотворительная общественная организация помощи детям и взрослым с ограниченными возможностями «Дети Павловска»,Санкт-Петербург,,да,,,,,,,0
392,"Благотворительный фонд ""Асенька""",Москва,,да,,,,,,,0
393,Благотворительный фонд помощи детям с онкологическими заболеваниями,Воронеж,,да,,,,,,,0
394,"Благотворительный фонд ""Благие Дела""",Казань,,да,,,,Благие дела,"Профилактика социального сиротства, помощь семьям",600270.0,https://nuzhnapomosh.ru/funds/blagie-dela/
395,"Благотворительный фонд ""Спорт для Жизни""",Москва,,да,,,,,,,0
396,"Благотворительный фонд ""Кораблик""",Москва,,да,,,,,,,0
397,"Благотворительная организация ""Добрый-Юг""",Краснодар,,да,Благотворительная организация «Добрый-Юг»,https://dobro.mail.ru/funds/krasnodarskaya-regionalnaya-blagotvoritelnaya-obschestvennaya-organizatsiya-dobryij-yug-3/,https://xn----9sbhb0a2ap2g3a.xn--p1ai/,Добрый-Юг,"Социальная поддержка подростков, молодых людей с особенностями развития и их семей",420375.0,https://nuzhnapomosh.ru/funds/dobryy-yug/
398,"Благотворительный фонд ""Белый Ирис""",Калининград,,да,,,,Белый Ирис,Восстанавливаем сельские объекты культурного наследия и содействуем развитию этих территорий,12920.0,https://nuzhnapomosh.ru/funds/belyy-iris/
399,"Благотворительный фонд ""Образ жизни""",Москва,,да,Благотворительный фонд «Дети-бабочки»,https://dobro.mail.ru/funds/blagotvoritelnyj-fond-deti-bela/,http://deti-bela.ru/,Образ жизни,Системные программы в социальной сфере для широкого круга благополучателей,59582.0,https://nuzhnapomosh.ru/funds/obraz-ghizni/
400,"Благотворительный фонд ""Жизненный путь""",Москва,,да,Благотворительный фонд помощи людям с нарушениями развития «Жизненный путь»,https://dobro.mail.ru/funds/blagotvoritelnyj-fond-pomoshi-lyudyam-s-narusheniyami-razvitiya-zhiznennyj-put/,Нет,Жизненный путь,Помощь людям с нарушениями развития,11228141.0,https://nuzhnapomosh.ru/funds/ghiznennyy-puty/
401,"Киношкола для людей с инвалидностью ""Без Границ""",Москва,,да,,,,,,,0
402,Комитет против пыток,нижний Новгород,,да,Комитет против пыток,https://dobro.mail.ru/funds/blagotvoritelnyij-fond-pomoschi-poterpevshim-ot-dolzhnostnyih-prestuplenij-komitet-protiv-pyitok/,https://pytkam.net/,Комитет против пыток,Помощь пострадавшим от пыток и членам их семей,868830.0,https://nuzhnapomosh.ru/funds/komitet-protiv-pytok/
403,"Благотворительный фонд ""Хрупкие люди""",Москва,,да,Благотворительный фонд «Хрупкие люди»,https://dobro.mail.ru/funds/blagotvoritelnyj-fond-hrupkie-lyudi/,http://hrupkie.ru/,Хрупкие люди,Помощь детям и взрослым с повышенной хрупкостью костей,5042890.0,https://nuzhnapomosh.ru/funds/hrupkie-lyudi/
404,Благотворительный Фонд помощи детям с органическими поражениями центральной нервной системы «ГАЛЧОНОК»,Москва,,да,,,,,,,0
405,Фонд социального развития «Полдень»,Москва,,да,,,,,,,0
406,"Автономная некоммерческая организация ""Эколого-просветительский Центр ""Заповедники""",Москва,,да,,,,,,,0
407,"Православная служба помощи ""Милосердие""",Москва,,да,Фонд продовольствия «Русь»,https://dobro.mail.ru/funds/blagotvoritelnyj-fond-bank-prodovolstviya-rus/,http://foodbankrus.ru/,,,,0
408,Люблю и благодарю,Екатеринбург,,да,,,,,,,0
409,Ассоциация родителей и детей с дислексией,Москва,,да,,,,,,,0
410,Весёлый коридор,Москва,,да,,,,,,,0
411,"Благотворительный Фонд ""Жизнь как чудо""",Москва,,да,Благотворительный фонд «Жизнь как чудо»,https://dobro.mail.ru/funds/blagotvoritelnyj-fond-semya-tradicii-miloserdie/,http://kakchudo.ru/,Жизнь как чудо,Помощь детям с тяжелыми заболеваниями печени,1018916.0,https://nuzhnapomosh.ru/funds/ghizny-kak-chudo/
412,"Благотворительный фонд помощи животным ""Вторая жизнь""",Москва,,да,,,,,,,0
413,"Инклюзивный культурный центр ""ТВЕРСКАЯ 15""",Москва,,да,,,,,,,0
414,"Благотворительный фонд ""Взрослые - мы""",Москва,,да,,,,,,,0
415,"АВТОНОМНАЯ НЕКОММЕРЧЕСКАЯ ОРГАНИЗАЦИЯ ""ЦЕНТР ПСИХОЛОГИЧЕСКОЙ ПОМОЩИ СОТРУДНИКАМ БЛАГОТВОРИТЕЛЬНЫХ ОРГАНИЗАЦИЙ ""ВДОХ""",Санкт-Петербург,,да,,,,,,,0
416,РОО для лиц с нарушением зрения «ТВОЙ МИР»,Новосибирск,,да,,,,,,,0
417,Всероссийская Федерация спорта лиц с поражением опорно-двигательного аппарата,Волгоград,,да,,,,,,,0
418,Благотворительный фонд РАУЛЬ,Санкт-Петербург,,да,,,,,,,0
419,"Служба помощи ""Милосердие-на-Дону""",Ростов-на-дону,,да,,,,,,,0
420,"Благотворительный фонд поддержки гуманитарных и социальных программ ""КПМГ""",Москва,,да,,,,,,,0
421,АВТОНОМНАЯ НЕКОММЕРЧЕСКАЯ ОРГАНИЗАЦИЯ «ЦЕНТР СОЦИАЛЬНОЙ ПОДДЕРЖКИ «ИНКЛЮЗИВНАЯ МОЛЕКУЛА»,Москва,,да,,,,,,,0
422,«Ассоциация «Интеграция»,Новосибирск,,да,,,,,,,0
423,"Благотворительный фонд ""Движение вверх""",Москва,,да,,,,Движение вверх,Помощь детям с инвалидностью пройти реабилитацию,523680.0,https://nuzhnapomosh.ru/funds/dvighenie-vverh/
424,Фонд поддержки прикладных экологических разработок и исследований «Озеро Байкал»,Москва,,да,,,,,,,0
425,Spina Bifida,Москва,,да,АНО «Детская следж-хоккейная лига»,https://dobro.mail.ru/funds/ano-detskaya-sledzh-hokkejnaya-liga/,https://paraicehockey.ru/,,,,0
426,Благотворительный фонд МойМио,Москва,,да,,,,,,,0
427,Межрегиональная общественная организация «Алопеция. Счастье быть собой».,Санкт-Петербург,,да,,,,,,,0
428,"Благотворительный фонд ""Берегиня""",Пермь,,да,Благотворительный фонд «Берегиня»,https://dobro.mail.ru/funds/blagotvoritelnyij-fond-bereginya/,http://fondbereginya.ru/,Берегиня,Помощь детям с онкологическими и другими тяжелыми заболеваниями ,1104448.0,https://nuzhnapomosh.ru/funds/bereginya/
429,"Некоммерческая организация ""Благое дело""",Верх-Нейвинский,,да,,,,,,,0
430,АНО «Детям о важном»,Москва,,да,,,,,,,0
431,"Центр реабилитации временно бездомных животных ""Юна""",Москва,,да,,,,Юна,Комплексная реабилитация бездомных животных и их устройство в семьи,4655030.0,https://nuzhnapomosh.ru/funds/yuna/
432,"Благотворительный фонд ""Подари солнечный свет""",,,да,,,,,,,0
433,EVERLAND: ПРОСТРАНСТВО РАВНЫХ ВОЗМОЖНОСТЕЙ,Москва,,да,,,,,,,0
434,БФ Преодолей-ка,Москва,,да,,,,,,,0
435,"""Дети-Ангелы Мурмана"" Мурманская региональная общественная организация детей с инвалидностью и их родителей.",Мурманск,,да,,,,,,,0
436,"Благотворительный фонд профилактики и реабилитации контагиозности,онкологии и инвалидности",Краснодар,,да,,,,,,,0
437,Благотворительный фонд «Второе дыхание»,Москва,,да,Благотворительный фонд «Второе дыхание»,https://dobro.mail.ru/funds/blagotvoritelnyj-fond-vtoroe-dyhanie/,Нет,,,,0
438,"КРОО ""Центр общественных инициатив ""Диалог""",Гурьевск Калининградской области,,да,,,,,,,0
439,"БЛАГОТВОРИТЕЛЬНЫЙ ФОНД СОХРАНЕНИЯ ДУХОВНЫХ ТРАДИЦИЙ И СОЦИАЛЬНОЙ ПОДДЕРЖКИ ""ШМИНИ""",Москва,,да,,,,,,,0
440,Общее благо,Санкт-Петербург,,да,,,,,,,0
441,"Благотворительный фонд ""Территория Успеха""",Краснокамск,,да,,,,,,,0
442,Благотворительный фонд развития инклюзии в спорте Больше Чем Можешь,Москва,,да,,,,,,,0
443,"Благотворительный Фонд ""Неопалимая Купина""",Москва,,да,,,,,,,0
444,"Благотворительный фонд ""Дети без мам""",Нижний Новгород,,да,Благотворительный фонд «Дети без мам»,https://dobro.mail.ru/funds/fond-deti-bez-mam/,http://www.detibezmam.ru/,Дети без мам,Помощь детям-сиротам и детям в трудной жизненной ситуации,958348.0,https://nuzhnapomosh.ru/funds/deti-bez-mam/
445,"Благотворительный фонд помощи бездомным животным ""Каждая собака""",Москва,,да,,,,,,,0
446,"АНО Центр помощи семьям с детьми ""ПЛАНЕТА ДОБРА""",Москва,,да,,,,,,,0
447,Благотворительный фонд помощи социально-незащищенным гражданам,Москва,,да,,,,,,,0
448,"Благотворительный фонд ""Сила Надежды""",Краснодар,,да,,,,,,,0
449,Благотворительный Фонд помощи детям и семьям «Наши Дети»,Уфа,,да,,,,,,,0
450,Юниспорт,Москва,,да,,,,,,,0
451,"АВТОНОМНАЯ НЕКОММЕРЧЕСКАЯ ОРГАНИЗАЦИЯ ПО РАЗВИТИЮ ПОЗНАВАТЕЛЬНОГО ТУРИЗМА ВЕРХНЕВОЛЖЬЯ И ВОЗРОЖДЕНИЮ ТРАДИЦИЙ ""ГОРОД-МУЗЕЙ""",Тверь,,да,,,,,,,0
452,Благотворительный фонд им. Ани Чижовой,Чебоксары,,да,,,,,,,0
453,Благотворительный фонд Провидение,Москва,,да,,,,,,,0
454,"АНО ""ЦСПА ""Лыжи Мечты"" Сергея Белоголовцева""",Москва,,да,,,,,,,0
455,"Межрегиональный общественный благотворительный фонд поддержки детей с ограниченными возможностями, детей-сирот и детей, оставшихся без попечения родителей «Жизнь в Движении»",Москва,,да,,,,,,,0
456,"Онкофонд ""Голос за Жизнь""",Москва,,да,,,,,,,0
457,Уфимский Дом культуры глухих,Уфа,,да,,,,,,,0
458,"МБОО ""Справедливая помощь Доктора Лизы""",Москва,,да,Международная благотворительная общественная организация «Справедливая помощь»,https://dobro.mail.ru/funds/spravedlivaya-pomosch-fond-doktora-lizyi/,http://www.doctorliza.ru/,,,,0
459,"Благотворительный фонд помощи детям с онкологическими заболеваниями ""Кадуцей""",Москва,,да,,,,,,,0
460,"Благотворительный фонд ""Созвездие Добра""",Москва,,да,,,,,,,0
461,Помощь бездомным беспородным животным,Москва,,да,,,,,,,0
462,"Благотворительный Детский Фонд ""АНАСТАСИЯ""",Краснодар,,да,,,,,,,0
463,Умка,Новочебоксарск,,да,Фонд помощи бездомным животным «Умка»,https://dobro.mail.ru/funds/fond-pomoschi-bezdomnyim-zhivotnyim-umka/,http://fondymka.ru/,,,,0
464,"Комитет ""Гражданское содействие""",Москва,,да,Комитет «Гражданское содействие»,https://dobro.mail.ru/funds/komitet-grazhdanskoe-sodejstvie-2/,https://refugee.ru/,Гражданское содействие,Помощь беженцам и мигрантам,2412268.0,https://nuzhnapomosh.ru/funds/graghdanskoe-sodeystvie/
465,"АНО ""Семейный центр социальной абилитации ""Наши дети""",Омск,,да,,,,"Семейный центр социальной абилитации ""Наши дети""",Помощь семьям в абилитации и адаптации детей с инвалидностью,857878.0,https://nuzhnapomosh.ru/funds/nashi-deti/
466,Фонд поддержки творчески одаренных детей и молодежи «Белый Пароход»,Москва,,да,,,,,,,0
467,ЦЕНТР РЕАБИЛИТАЦИИ ТИГРОВ И ДРУГИХ РЕДКИХ ЖИВОТНЫХ,Владивосток,,да,,,,,,,0
468,Частное учреждение «Центр социально-трудовой адаптации инвалидов «Мастер ОК»,Санкт-Петербург,,да,Частное учреждение «Центр социально-трудовой адаптации инвалидов «Мастер ОК»,https://dobro.mail.ru/funds/chastnoe-uchrezhdenie-tsentr-sotsialno-trudovoj-adaptatsii-invalidov-master-ok-3/,https://centrtruda.com,,,,0
469,"МОО ""Аистенок""",Екатеринбург,,да,Межрегиональная общественная организация «Аистенок»,https://dobro.mail.ru/funds/mezhregionalnaya-obschestvennaya-organizatsiya-po-sodejstviyu-semyam-s-detmi-v-trudnoj-zhiznennoj-si/,https://aistenok.org,Аистенок,"Помощь семьям в трудной жизненной ситуации, профилактика сиротства",8879726.0,https://nuzhnapomosh.ru/funds/aistenok/
470,Благотворительный фонд «Выход в Петербурге»,Санкт-Петербург,,да,,,,,,,0
471,Православная Служба Милосердия,Екатеринбург,,да,,,,,,,0
472,"АНО Центр социокультурной анимации ""Одухотворение""",Москва,,да,,,,,,,0
473,"Благотворительный фонд ""Сердца Наших Детей""",Москва,,да,,,,,,,0
474,Фонд Почувствуй Жизнь,Москва,,да,,,,,,,0
475,"Фонд поддержки и развития природоохранных и других социально-значимых проектов ""Наш фонд""",Москва,,да,Благотворительный фонд «Хрупкие люди»,https://dobro.mail.ru/funds/blagotvoritelnyj-fond-hrupkie-lyudi/,http://hrupkie.ru/,,,,0
476,"ТРБОО ""Спрятанный мир""",Томск,,да,,,,,,,0
477,"Калининградская региональная общественная организация ""Арт-Ворота""",Калининград,,да,,,,,,,0
478,"Коррекционно-развивающий центр ""Семья""",Нефтекамск,,да,Благотворительный фонд «МойМио»,https://dobro.mail.ru/funds/blagotvoritelnyij-fond-pomoschi-detyam-s-miodistrofiej-dyushenna-i-inyimi-tyazhelyimi-nervno-myishec/,https://mymiofond.ru/,Семья плюс,Открытое пространство для реализации социально значимых проектов,31766.0,https://nuzhnapomosh.ru/funds/semyya-plyus/
479,РетинаФонд. Фонд исследований и лечения заболеваний сетчатки глаза,Москва,,да,,,,,,,0
480,"Автономная некоммерческая организация социальных и благотворительных программ ""Синяя птица""",Краснодар,,да,,,,,,,0
481,Благотворительный фонд Зимний Бал,Москва,,да,,,,,,,0
482,"Межрегиональная благотворительная общественная организация помощи малоимущим ""Центр содействия 2000""",Москва,,да,,,,,,,0
483,"Фонд ""Благотворительный фонд ""Смайлики""",Екатеринбург,,да,Благотворительный фонд «Нужна помощь»,https://dobro.mail.ru/funds/nuzhna-pomosch/,https://nuzhnapomosh.ru,Волгоградский областной благотворительный фонд защиты животных,Помощь бездомным животным Волгоградской области,552093.0,https://nuzhnapomosh.ru/funds/volgogradskiy-oblastnoy-blagotvoritelynyy-fond-zaschity-ghivotnyh/
484,Московская областная региональная общественная организация молодых инвалидов и семей с детьми-инвалидами «ОТ СЕРДЦА К СЕРДЦУ»,Долгопрудный,,да,,,,,,,0
485,Пушкинский фонд поддержки городских проектов и инициатив,Пушкино Московская область,,да,,,,,,,0
486,"Фонд социальных программ и поддержки женщин ""Александра""",Москва,,да,Фонд социальных программ и поддержки женщин «Александра»,https://dobro.mail.ru/funds/fond-sotsialnyih-programm-i-podderzhki-zhenschin-aleksandra/,http://fondaleksandra.ru/,Александра,Помощь женщинам в трудных жизненных ситуациях  ,546742.0,https://nuzhnapomosh.ru/funds/aleksandra/
487,Автономная некоммерческая организация социально-культурных услуг «Упсала-Цирк»,Санкт-Петербург,,да,,,,,,,0
488,"Новосибирская региональная общественная организация по работе с детьми и молодёжью ""Нешкола""",Искитим,,да,,,,,,,0
489,Региональная благотворительная общественная организация «Центр лечебной педагогики»,Москва,,да,Региональная благотворительная общественная организация «Центр лечебной педагогики»,https://dobro.mail.ru/funds/regionalnaya-blagotvoritelnaya-organizaciya-centr-lechebnoj-pedagogiki/,http://www.ccp.org.ru/,,,,0
490,Благотворительный Фонд Константина Хабенского,Москва,,да,Благотворительный Фонд Константина Хабенского,https://dobro.mail.ru/funds/blagotvoritelnyij-fond-konstantina-habenskogo/,http://bfkh.ru/,,,,0
491,"Благотворительный фонд ""Подари подарок""",Москва,,да,,,,,,,0
492,"Автономная некоммерческая организация содействия развитию физической культуры, спорта и здорового образа жизни «Мир без границ»",Переславль-Залесский,,да,,,,,,,0
493,"Ассоциация некоммерческих организаций, созданных родителями детей с расстройствами аутистического спектра «АУТИЗМ-РЕГИОНЫ»,",Москва,,да,,,,,,,0
494,"ФОНД ПОДДЕРЖКИ И РАЗВИТИЯ ИСКУСТВА, КУЛЬТУРЫ, СПОРТА, ЭКОЛОГИЧЕСКИХ И СОЦИАЛЬНЫХ ПРОЕКТОВ ""АРКАИМ""",Хабаровск,,да,,,,,,,0
495,Благотворительный Фонд в поддержку развития спорта инвалидов «ТОЧКА ОПОРЫ»,Санкт Петербург,,да,Благотворительный фонд в поддержку развития спорта инвалидов «Точка опоры»,https://dobro.mail.ru/funds/blagotvoritelnyj-fond-v-podderzhku-razvitiya-sporta-invalidov-tochka-opory/,http://fondopora.ru/,,,,0
496,"Благотворительный фонд поддержки семьи, детей и молодежи «Наша семья»",Москва,,да,,,,,,,0
497,Краснодарская Краевая Благотворительная Общественная Организация «Мелодия счастья»,Краснодар,,да,,,,,,,0
498,Межрегиональная общественная организация «Мусора.Больше.Нет»,Санкт-Петербург,,да,,,,,,,0
499,"Фонд помощи пациентам с деменцией и их семьям ""Альцрус""",Москва,,да,Фонд «Альцрус»,https://dobro.mail.ru/funds/ano-pomosch-patsientam-s-boleznyu-altsgejmera-i-ih-semyam/,https://www.alzrus.org/,Альцрус,"Помощь людям, столкнувшимся с проблемой деменции в своей семье",69610.0,https://nuzhnapomosh.ru/funds/alzrus/
500,Санкт-Петербургский благотворительный фонд «Гуманитарное действие»,Санкт-Петербург,,да,Санкт-Петербургский благотворительный фонд «Гуманитарное действие»,https://dobro.mail.ru/funds/sankt-peterburgskij-blagotvoritelnyij-fond-gumanitarnoe-dejstvie/,https://haf-spb.org/,,,,0
501,"Благотворительный фонд ""Прекрасное далёко""",Новороссийск,,да,Благотворительный фонд «Прекрасное далёко»,https://dobro.mail.ru/funds/blagotvoritelnyij-fond-prekrasnoe-dalyoko/,https://prekrasnoedalyoko.ru/,Прекрасное далёко,Помощь детям с патологиями ЦНС,67729.0,https://nuzhnapomosh.ru/funds/prekrasnoe-daleko/
502,Курская региональная общественная организация «Культурно-просветительское общество «Возрождение»,Курск,,да,,,,,,,0
503,"Пермская региональная общественная организация ""Территория семьи""",Пермь,,да,ПРОО «Территория семьи»,https://dobro.mail.ru/funds/proo-territoriya-semi-2/,https://semya59.ru,Территория семьи,Помощь семьям с детьми в тяжелой жизненной ситуации,544791.0,https://nuzhnapomosh.ru/funds/territoriya-semyi/
504,"Благотворительный фонд Поддержки нуждающихся ""ХЭППИ""",Москва,,да,,,,,,,0
505,"Благотворительный фонд помощи детям с онкогематологическими и иными тяжелыми заболеваниями ""Пчёлка"".",Чита,,да,,,,,,,0
506,"Региональный благотворительный общественный фонд содействия реализации гуманитарных программ ""Елизавета""",Москва,,да,,,,,,,0
507,"Благотворительный фонд помощи ""Звезда Милосердия""",Москва,,да,,,,,,,0
508,Центр защиты прав СМИ,Воронеж,,да,,,,,,,0
509,Фонд защиты городских животных,Москва,,да,,,,,,,0
510,Благотворительный фонд «РДКМ»,Москва,,да,,,,,,,0
511,Всемирный фонд дикой природы (WWF),Москва,,да,Всемирный фонд дикой природы (WWF России),https://dobro.mail.ru/funds/vsemirnyij-fond-prirodyi/,http://www.wwf.ru/,,,,0
